-- phpMyAdmin SQL Dump
-- version 5.2.1
-- https://www.phpmyadmin.net/
--
-- Servidor: 127.0.0.1
-- Tiempo de generación: 18-06-2026 a las 15:46:07
-- Versión del servidor: 10.4.32-MariaDB
-- Versión de PHP: 8.2.12

SET SQL_MODE = "NO_AUTO_VALUE_ON_ZERO";
START TRANSACTION;
SET time_zone = "+00:00";


/*!40101 SET @OLD_CHARACTER_SET_CLIENT=@@CHARACTER_SET_CLIENT */;
/*!40101 SET @OLD_CHARACTER_SET_RESULTS=@@CHARACTER_SET_RESULTS */;
/*!40101 SET @OLD_COLLATION_CONNECTION=@@COLLATION_CONNECTION */;
/*!40101 SET NAMES utf8mb4 */;

--
-- Base de datos: `admin_cartelera`
--

-- --------------------------------------------------------

--
-- Estructura de tabla para la tabla `clientes`
--

CREATE TABLE `clientes` (
  `id` int(11) NOT NULL,
  `empresa_id` int(11) NOT NULL,
  `nombre` varchar(200) NOT NULL
) ENGINE=InnoDB DEFAULT CHARSET=utf8mb4 COLLATE=utf8mb4_general_ci;

--
-- Volcado de datos para la tabla `clientes`
--

INSERT INTO `clientes` (`id`, `empresa_id`, `nombre`) VALUES
(1, 2, 'C.A. SUCESORA DE JOSE PUIG & CIA'),
(2, 2, 'MORROCEL, C.A.'),
(3, 2, 'ALFONZO RIVAS & CIA, C.A.'),
(4, 2, 'PRODUCTOS ALIMENTOS COOK CHILL, C.A.'),
(5, 2, 'PEPSI-COLA VENEZUELA, C.A.'),
(6, 2, 'LIMPIEZA GENERAL DE MAQUINA'),
(7, 2, 'ALIMENTOS HEINZ, C.A.'),
(8, 2, 'CELOVEN, C.A.'),
(9, 2, 'FALTA DE PEDIDOS /  INSUMOS'),
(10, 2, 'PARADA PROGRAMADA'),
(11, 2, 'DISTRIBUIDORA NACIONAL 2000, C.A.'),
(12, 2, 'AMACORP, C.A.'),
(13, 2, 'FINA ARROZ C.A'),
(14, 2, 'INDUSTRIAS NEVEX-VEN,C.A'),
(15, 2, 'PRAVENCA,C.A'),
(16, 2, 'CERVECERIA POLAR,C.A.'),
(17, 2, 'NESTLE VENEZUELA, S.A.'),
(18, 2, 'PRUEBAS'),
(19, 2, 'INDUSTRIAS VENEZOLANA DE BEBIDAS JAU C.A'),
(20, 2, 'COMPA????A ANONIMA PRODUCTOS RONAVA'),
(21, 2, 'EMBOTELLADORA CRISTAL;C.A.'),
(22, 2, 'CENTRAL EL PALMAR S.A.'),
(23, 2, 'MORROEL,  C.A'),
(24, 2, 'N/P'),
(25, 2, 'CLIENTE PRUEBA ANTIGRAVITY'),
(26, 2, 'test 2'),
(27, 2, 'ALIMENTOS POLAR COMERCIAL, C.A.'),
(28, 2, 'ALIMENTOS SERIMAR, C.A.'),
(29, 2, 'COLOMURAL DE VENEZUELA, C.A'),
(30, 2, 'INDUSTRIAS IBERIA, C.A.'),
(31, 2, 'GRUPO AW ORIENTAL,C.A'),
(32, 2, 'INVERSIONES TORREFACCION DEL CAF??, C.A'),
(33, 2, 'AJEVEN, C.A.'),
(34, 2, 'MORROCEL C.A.'),
(44, 2, 'INVERSIONES TORREFACCION DEL CAFÉ, C.A');

-- --------------------------------------------------------

--
-- Estructura de tabla para la tabla `departamentos`
--

CREATE TABLE `departamentos` (
  `id` int(11) NOT NULL,
  `nombre` varchar(100) NOT NULL
) ENGINE=InnoDB DEFAULT CHARSET=utf8mb4 COLLATE=utf8mb4_general_ci;

--
-- Volcado de datos para la tabla `departamentos`
--

INSERT INTO `departamentos` (`id`, `nombre`) VALUES
(3, 'ADMINISTRACION'),
(8, 'CUREX'),
(5, 'IT'),
(7, 'LINEA 1'),
(2, 'PRODUCCION'),
(1, 'SISTEMAS'),
(6, 'SISTEMS'),
(4, 'VENTAS');

-- --------------------------------------------------------

--
-- Estructura de tabla para la tabla `desperdicios`
--

CREATE TABLE `desperdicios` (
  `id` int(11) NOT NULL,
  `maquina_id` int(11) NOT NULL,
  `trabajo_id` int(11) DEFAULT NULL,
  `cantidad_kg` decimal(10,2) NOT NULL DEFAULT 0.00,
  `cantidad_ml` decimal(10,2) NOT NULL DEFAULT 0.00,
  `porcentaje_kg` decimal(5,2) DEFAULT NULL,
  `comentario` text DEFAULT NULL,
  `fecha` date NOT NULL DEFAULT curdate(),
  `created_at` timestamp NOT NULL DEFAULT current_timestamp()
) ENGINE=InnoDB DEFAULT CHARSET=utf8mb4 COLLATE=utf8mb4_general_ci;

--
-- Volcado de datos para la tabla `desperdicios`
--

INSERT INTO `desperdicios` (`id`, `maquina_id`, `trabajo_id`, `cantidad_kg`, `cantidad_ml`, `porcentaje_kg`, `comentario`, `fecha`, `created_at`) VALUES
(1380, 1, 57, 4.26, 1001.00, 0.01, 'Manual Update: Film 4.259999999999991kg, Tinta 13kg, m/l 1001', '2026-05-04', '2026-06-18 13:34:34'),
(1381, 1, 58, 0.00, 0.00, 1.00, 'Manual Update: Film 0kg, Tinta 0kg, m/l 0', '2026-05-05', '2026-06-18 13:34:34'),
(1382, 1, 59, 52.10, 1348.00, 0.10, 'Manual Update: Film 52.10000000000002kg, Tinta 178kg, m/l 1348', '2026-05-06', '2026-06-18 13:34:34'),
(1383, 1, 60, 4.52, 67.00, 0.05, 'Manual Update: Film 4.52000000000001kg, Tinta 3kg, m/l 67', '2026-05-07', '2026-06-18 13:34:34'),
(1384, 1, 61, 89.20, 1200.00, 0.07, 'Manual Update: Film 89.20000000000005kg, Tinta 14kg, m/l 1200', '2026-05-07', '2026-06-18 13:34:34'),
(1385, 1, 62, 71.80, 1796.00, 0.07, 'Manual Update: Film 71.80000000000018kg, Tinta 58kg, m/l 1796', '2026-05-11', '2026-06-18 13:34:34'),
(1386, 1, 63, 24.80, 200.00, 0.10, 'Manual Update: Film 24.80000000000001kg, Tinta 16kg, m/l 200', '2026-05-20', '2026-06-18 13:34:34'),
(1387, 1, 64, 31.40, 600.00, 0.06, 'Manual Update: Film 31.399999999999977kg, Tinta 18kg, m/l 600', '2026-05-28', '2026-06-18 13:34:34'),
(1388, 2, 514, 307.40, 3018.00, 0.10, 'Manual Update: Film 307.4000000000001kg, Tinta 151kg, m/l 3018', '2026-05-04', '2026-06-18 13:37:10'),
(1389, 2, 515, 298.00, 2899.00, 0.08, 'Manual Update: Film 298kg, Tinta 173kg, m/l 2899', '2026-05-05', '2026-06-18 13:37:10'),
(1390, 2, 516, 19.40, 100.00, 0.06, 'Manual Update: Film 19.399999999999977kg, Tinta 26kg, m/l 100', '2026-05-05', '2026-06-18 13:37:10'),
(1391, 2, 517, 116.30, 404.00, 0.03, 'Manual Update: Film 116.30000000000018kg, Tinta 70kg, m/l 404', '2026-05-05', '2026-06-18 13:37:10'),
(1392, 2, 518, 65.10, 3100.00, 0.12, 'Manual Update: Film 65.10000000000002kg, Tinta 67kg, m/l 3100', '2026-05-06', '2026-06-18 13:37:10'),
(1393, 2, 519, 29.90, 2671.00, 0.09, 'Manual Update: Film 29.899999999999977kg, Tinta 65kg, m/l 2671', '2026-05-06', '2026-06-18 13:37:10'),
(1394, 2, 520, 39.50, 900.00, 0.17, 'Manual Update: Film 39.5kg, Tinta 71kg, m/l 900', '2026-05-06', '2026-06-18 13:37:10'),
(1395, 2, 521, 36.50, 900.00, 0.16, 'Manual Update: Film 36.5kg, Tinta 61kg, m/l 900', '2026-05-06', '2026-06-18 13:37:10'),
(1396, 2, 522, 0.00, 0.00, 1.00, 'Manual Update: Film 0kg, Tinta 0kg, m/l 0', '2026-05-06', '2026-06-18 13:37:10'),
(1397, 2, 523, 207.20, 6012.00, 0.06, 'Manual Update: Film 207.19999999999982kg, Tinta 304kg, m/l 6012', '2026-05-07', '2026-06-18 13:37:10'),
(1398, 2, 524, 140.00, 4125.00, 0.06, 'Manual Update: Film 140kg, Tinta 197kg, m/l 4125', '2026-05-07', '2026-06-18 13:37:10'),
(1399, 2, 525, 204.10, 9448.00, 0.52, 'Manual Update: Film 204.10000000000002kg, Tinta 103kg, m/l 9448', '2026-05-08', '2026-06-18 13:37:10'),
(1401, 2, 526, 143.90, 6167.00, 0.18, 'Manual Update: Film 143.89999999999998kg, Tinta 130kg, m/l 6167', '2026-05-08', '2026-06-18 13:37:11'),
(1402, 2, 528, 227.20, 9300.00, 0.23, 'Manual Update: Film 227.20000000000005kg, Tinta 185kg, m/l 9300', '2026-05-08', '2026-06-18 13:37:11'),
(1403, 2, 529, 88.50, 3835.00, 0.16, 'Manual Update: Film 88.5kg, Tinta 81kg, m/l 3835', '2026-05-11', '2026-06-18 13:37:11'),
(1404, 2, 530, 165.80, 7816.00, 0.33, 'Manual Update: Film 165.79999999999995kg, Tinta 96kg, m/l 7816', '2026-05-12', '2026-06-18 13:37:11'),
(1405, 2, 531, 170.40, 4826.00, 0.35, 'Manual Update: Film 170.40000000000003kg, Tinta 144kg, m/l 4826', '2026-05-12', '2026-06-18 13:37:11'),
(1406, 2, 532, 218.30, 7906.00, 0.09, 'Manual Update: Film 218.30000000000018kg, Tinta 707kg, m/l 7906', '2026-05-13', '2026-06-18 13:37:11'),
(1407, 2, 533, 85.80, 1637.00, 0.66, 'Manual Update: Film 85.80000000000001kg, Tinta 67kg, m/l 1637', '2026-05-14', '2026-06-18 13:37:11'),
(1408, 2, 534, 103.02, 5419.00, 2.34, 'Manual Update: Film 103.02000000000001kg, Tinta 0kg, m/l 5419', '2026-05-14', '2026-06-18 13:37:11'),
(1409, 2, 535, 28.20, 2194.00, 0.13, 'Manual Update: Film 28.200000000000017kg, Tinta 53kg, m/l 2194', '2026-05-14', '2026-06-18 13:37:11'),
(1411, 2, 536, 0.20, 5.00, 0.00, 'Manual Update: Film 0.19999999999998863kg, Tinta 65kg, m/l 5', '2026-05-14', '2026-06-18 13:37:11'),
(1412, 2, 538, 38.30, 972.00, 0.22, 'Manual Update: Film 38.30000000000001kg, Tinta 68kg, m/l 972', '2026-05-18', '2026-06-18 13:37:11'),
(1413, 2, 539, 110.60, 5650.00, 0.61, 'Manual Update: Film 110.59999999999997kg, Tinta 66kg, m/l 5650', '2026-05-18', '2026-06-18 13:37:11'),
(1414, 2, 540, 60.80, 1200.00, 0.19, 'Manual Update: Film 60.80000000000001kg, Tinta 76kg, m/l 1200', '2026-05-18', '2026-06-18 13:37:11'),
(1415, 2, 541, 180.00, 6240.00, 0.39, 'Manual Update: Film 179.99999999999994kg, Tinta 184kg, m/l 6240', '2026-05-18', '2026-06-18 13:37:11'),
(1416, 2, 542, 55.95, 2369.00, 0.20, 'Manual Update: Film 55.94999999999999kg, Tinta 85kg, m/l 2369', '2026-05-19', '2026-06-18 13:37:11'),
(1417, 2, 543, 51.15, 2369.00, 0.19, 'Manual Update: Film 51.150000000000034kg, Tinta 69kg, m/l 2369', '2026-05-19', '2026-06-18 13:37:11'),
(1418, 2, 544, 62.30, 2651.00, 0.10, 'Manual Update: Film 62.299999999999955kg, Tinta 93kg, m/l 2651', '2026-05-19', '2026-06-18 13:37:11'),
(1419, 2, 545, 112.40, 6999.00, 0.25, 'Manual Update: Film 112.39999999999998kg, Tinta 58kg, m/l 6999', '2026-05-20', '2026-06-18 13:37:11'),
(1420, 2, 546, 67.20, 2750.00, 0.10, 'Manual Update: Film 67.20000000000005kg, Tinta 84kg, m/l 2750', '2026-05-20', '2026-06-18 13:37:11'),
(1421, 2, 547, 33.20, 2530.00, 0.10, 'Manual Update: Film 33.19999999999999kg, Tinta 64kg, m/l 2530', '2026-05-20', '2026-06-18 13:37:11'),
(1422, 2, 548, 72.20, 5921.00, 0.16, 'Manual Update: Film 72.20000000000005kg, Tinta 76kg, m/l 5921', '2026-05-20', '2026-06-18 13:37:11'),
(1423, 2, 549, 35.60, 1703.00, 0.14, 'Manual Update: Film 35.60000000000002kg, Tinta 88kg, m/l 1703', '2026-05-21', '2026-06-18 13:37:11'),
(1424, 2, 550, 9.60, 600.00, 0.05, 'Manual Update: Film 9.599999999999994kg, Tinta 58kg, m/l 600', '2026-05-21', '2026-06-18 13:37:11'),
(1425, 2, 551, 124.20, 8593.00, 0.20, 'Manual Update: Film 124.20000000000005kg, Tinta 239kg, m/l 8593', '2026-05-21', '2026-06-18 13:37:11'),
(1426, 2, 552, 37.50, 919.00, 0.07, 'Manual Update: Film 37.5kg, Tinta 80kg, m/l 919', '2026-05-21', '2026-06-18 13:37:11'),
(1427, 2, 553, 155.10, 7200.00, 0.09, 'Manual Update: Film 155.0999999999999kg, Tinta 283kg, m/l 7200', '2026-05-22', '2026-06-18 13:37:11'),
(1428, 2, 554, 92.00, 2326.00, 0.09, 'Manual Update: Film 91.99999999999977kg, Tinta 171kg, m/l 2326', '2026-05-22', '2026-06-18 13:37:11'),
(1429, 2, 555, 148.40, 5111.00, 0.13, 'Manual Update: Film 148.4000000000001kg, Tinta 189kg, m/l 5111', '2026-05-23', '2026-06-18 13:37:11'),
(1430, 2, 556, 118.60, 5805.00, 0.09, 'Manual Update: Film 118.59999999999968kg, Tinta 237kg, m/l 5805', '2026-05-23', '2026-06-18 13:37:11'),
(1431, 2, 557, 95.50, 4096.00, 0.04, 'Manual Update: Film 95.5kg, Tinta 369kg, m/l 4096', '2026-05-23', '2026-06-18 13:37:11'),
(1432, 2, 558, 210.80, 4765.00, 0.06, 'Manual Update: Film 210.80000000000018kg, Tinta 1028kg, m/l 4765', '2026-05-24', '2026-06-18 13:37:11'),
(1433, 2, 559, 58.00, 1481.00, 0.06, 'Manual Update: Film 58kg, Tinta 268kg, m/l 1481', '2026-05-25', '2026-06-18 13:37:11'),
(1434, 2, 560, 92.80, 5800.00, 0.20, 'Manual Update: Film 92.79999999999995kg, Tinta 116kg, m/l 5800', '2026-05-26', '2026-06-18 13:37:11'),
(1435, 2, 561, 74.90, 1954.00, 0.06, 'Manual Update: Film 74.89999999999986kg, Tinta 261kg, m/l 1954', '2026-05-26', '2026-06-18 13:37:11'),
(1436, 2, 562, 106.70, 1771.00, 0.10, 'Manual Update: Film 106.70000000000005kg, Tinta 289kg, m/l 1771', '2026-05-26', '2026-06-18 13:37:11'),
(1437, 2, 563, 154.60, 4900.00, 0.10, 'Manual Update: Film 154.5999999999999kg, Tinta 402kg, m/l 4900', '2026-05-27', '2026-06-18 13:37:11'),
(1438, 2, 564, 85.20, 4188.00, 0.89, 'Manual Update: Film 85.20000000000002kg, Tinta 24kg, m/l 4188', '2026-05-27', '2026-06-18 13:37:11'),
(1439, 2, 565, 45.10, 2500.00, 0.11, 'Manual Update: Film 45.10000000000002kg, Tinta 151kg, m/l 2500', '2026-05-28', '2026-06-18 13:37:11'),
(1441, 2, 566, 17.80, 500.00, 0.07, 'Manual Update: Film 17.799999999999955kg, Tinta 61kg, m/l 500', '2026-05-28', '2026-06-18 13:37:11'),
(1442, 2, 567, 0.00, 0.00, 1.00, 'Manual Update: Film 0kg, Tinta 0kg, m/l 0', '2026-05-28', '2026-06-18 13:37:11'),
(1443, 2, 568, 339.70, 2910.00, 0.03, 'Manual Update: Film 339.7000000000007kg, Tinta 549kg, m/l 2910', '2026-05-28', '2026-06-18 13:37:11');

-- --------------------------------------------------------

--
-- Estructura de tabla para la tabla `destinos`
--

CREATE TABLE `destinos` (
  `id` int(11) NOT NULL,
  `nombre` varchar(50) NOT NULL
) ENGINE=InnoDB DEFAULT CHARSET=utf8mb4 COLLATE=utf8mb4_general_ci;

--
-- Volcado de datos para la tabla `destinos`
--

INSERT INTO `destinos` (`id`, `nombre`) VALUES
(2, 'CORTE'),
(1, 'LAMINACION'),
(3, 'TODAS');

-- --------------------------------------------------------

--
-- Estructura de tabla para la tabla `empresas`
--

CREATE TABLE `empresas` (
  `id` int(11) NOT NULL,
  `nombre` varchar(100) NOT NULL,
  `rif` varchar(20) DEFAULT NULL,
  `color_hex` varchar(7) DEFAULT NULL
) ENGINE=InnoDB DEFAULT CHARSET=utf8mb4 COLLATE=utf8mb4_general_ci;

--
-- Volcado de datos para la tabla `empresas`
--

INSERT INTO `empresas` (`id`, `nombre`, `rif`, `color_hex`) VALUES
(1, 'MORROCEL C.A', NULL, NULL),
(2, 'CUREX C.A', NULL, NULL);

-- --------------------------------------------------------

--
-- Estructura de tabla para la tabla `estados_trabajo`
--

CREATE TABLE `estados_trabajo` (
  `id` int(11) NOT NULL,
  `nombre` varchar(50) NOT NULL
) ENGINE=InnoDB DEFAULT CHARSET=utf8mb4 COLLATE=utf8mb4_general_ci;

--
-- Volcado de datos para la tabla `estados_trabajo`
--

INSERT INTO `estados_trabajo` (`id`, `nombre`) VALUES
(3, 'APROBACION'),
(8, 'FALTA DE INSUMO'),
(5, 'LIMPIEZA'),
(9, 'PARADA PROGRAMADA'),
(10, 'PENDIENTE'),
(1, 'PROCESO'),
(6, 'PRUEBA'),
(2, 'REPETICION'),
(7, 'REPROCESO'),
(4, 'SUSPENDIDO');

-- --------------------------------------------------------

--
-- Estructura de tabla para la tabla `informacion_diaria`
--

CREATE TABLE `informacion_diaria` (
  `id` int(11) NOT NULL,
  `empresa_id` int(11) NOT NULL,
  `titulo` varchar(100) NOT NULL,
  `contenido` text NOT NULL,
  `prioridad` enum('baja','media','alta') DEFAULT 'baja',
  `fecha_publicacion` date NOT NULL DEFAULT curdate(),
  `fecha_expiracion` date DEFAULT NULL,
  `activo` tinyint(1) DEFAULT 1
) ENGINE=InnoDB DEFAULT CHARSET=utf8mb4 COLLATE=utf8mb4_general_ci;

--
-- Volcado de datos para la tabla `informacion_diaria`
--

INSERT INTO `informacion_diaria` (`id`, `empresa_id`, `titulo`, `contenido`, `prioridad`, `fecha_publicacion`, `fecha_expiracion`, `activo`) VALUES
(15, 2, 'IMPORTANTE', 'ESTE ES UN ANUNCIO DE PRUEBA CREADO PARA PROBAR LA VISIBILIDAD DE LOS ANUNCIOS', 'baja', '2026-06-01', NULL, 1),
(17, 2, 'IMPORTANTE', 'ESTE ES UN ANUNCIO DE PRUEBA CREADO PARA PROBAR LA VISIBILIDAD DE LOS ANUNCIOS', 'media', '2026-06-02', NULL, 1),
(18, 2, 'IMPORTANTE', 'ESTE ES UN ANUNCIO DE PRUEBA CREADO PARA PROBAR LA VISIBILIDAD DE LOS ANUNCIOS', 'alta', '2026-06-02', NULL, 1),
(19, 2, 'aviso', 'prueba', 'baja', '2026-06-15', '2026-09-15', 1),
(20, 2, 'prueba', 'pruebqq', 'media', '2026-06-17', NULL, 1);

-- --------------------------------------------------------

--
-- Estructura de tabla para la tabla `logs_actividad`
--

CREATE TABLE `logs_actividad` (
  `id` int(11) NOT NULL,
  `usuario_id` int(11) DEFAULT NULL,
  `accion` varchar(255) NOT NULL,
  `descripcion` text DEFAULT NULL,
  `tipo` enum('info','warning','error','success') DEFAULT 'info',
  `created_at` timestamp NOT NULL DEFAULT current_timestamp()
) ENGINE=InnoDB DEFAULT CHARSET=utf8mb4 COLLATE=utf8mb4_general_ci;

--
-- Volcado de datos para la tabla `logs_actividad`
--

INSERT INTO `logs_actividad` (`id`, `usuario_id`, `accion`, `descripcion`, `tipo`, `created_at`) VALUES
(81, NULL, 'EXPORT', '[EXPORTACIÓN] Reporte consolidado generado (65 registros).', 'info', '2026-06-17 14:20:22'),
(82, NULL, 'EXPORT', '[EXPORTACION] Reporte resumen mensual generado (0 meses, 0 registros de paradas).', 'info', '2026-06-18 13:21:28'),
(83, NULL, 'EXPORT', '[EXPORTACION] Reporte resumen mensual generado (2 meses, 30 registros de paradas).', 'info', '2026-06-18 13:26:43'),
(84, NULL, 'EXPORT', '[EXPORTACION] Reporte resumen mensual generado (0 meses, 0 registros de paradas).', 'info', '2026-06-18 13:30:09'),
(85, NULL, 'IMPORT', '[IMPORTACIÓN EXCEL] Se cargaron 0 trabajos en OLYMPIA. (9 trabajos actualizados).', 'success', '2026-06-18 13:34:34'),
(86, NULL, 'EXPORT', '[EXPORTACION] Reporte resumen mensual generado (1 meses, 18 registros de paradas).', 'info', '2026-06-18 13:34:41'),
(87, NULL, 'EXPORT', '[EXPORTACION] Reporte resumen mensual generado (0 meses, 0 registros de paradas).', 'info', '2026-06-18 13:36:39'),
(88, NULL, 'IMPORT', '[IMPORTACIÓN EXCEL] Se cargaron 0 trabajos en NOVOFLEX. (59 trabajos actualizados).', 'success', '2026-06-18 13:37:11'),
(89, NULL, 'EXPORT', '[EXPORTACION] Reporte resumen mensual generado (2 meses, 36 registros de paradas).', 'info', '2026-06-18 13:38:00');

-- --------------------------------------------------------

--
-- Estructura de tabla para la tabla `maquinas`
--

CREATE TABLE `maquinas` (
  `id` int(11) NOT NULL,
  `empresa_id` int(11) NOT NULL,
  `nombre` varchar(50) NOT NULL
) ENGINE=InnoDB DEFAULT CHARSET=utf8mb4 COLLATE=utf8mb4_general_ci;

--
-- Volcado de datos para la tabla `maquinas`
--

INSERT INTO `maquinas` (`id`, `empresa_id`, `nombre`) VALUES
(1, 2, 'OLYMPIA'),
(2, 2, 'NOVOFLEX');

-- --------------------------------------------------------

--
-- Estructura de tabla para la tabla `metas_parada`
--

CREATE TABLE `metas_parada` (
  `id` int(11) NOT NULL,
  `maquina_id` int(11) NOT NULL,
  `mes` varchar(7) NOT NULL,
  `motivo_id` int(11) NOT NULL,
  `valor_limite` decimal(6,2) DEFAULT 0.00,
  `created_at` timestamp NOT NULL DEFAULT current_timestamp(),
  `updated_at` timestamp NOT NULL DEFAULT current_timestamp() ON UPDATE current_timestamp()
) ENGINE=InnoDB DEFAULT CHARSET=utf8mb4 COLLATE=utf8mb4_general_ci;

--
-- Volcado de datos para la tabla `metas_parada`
--

INSERT INTO `metas_parada` (`id`, `maquina_id`, `mes`, `motivo_id`, `valor_limite`, `created_at`, `updated_at`) VALUES
(1, 2, '2026-05', 1, 13.10, '2026-06-11 12:09:01', '2026-06-11 12:09:01'),
(2, 2, '2026-05', 2, 5.00, '2026-06-11 12:09:01', '2026-06-11 12:09:01'),
(3, 2, '2026-05', 3, 9.99, '2026-06-11 12:09:01', '2026-06-11 12:09:01'),
(4, 2, '2026-05', 4, 5.00, '2026-06-11 12:09:01', '2026-06-11 12:09:01'),
(5, 2, '2026-05', 5, 2.00, '2026-06-11 12:09:01', '2026-06-11 12:09:01'),
(6, 2, '2026-05', 6, 3.03, '2026-06-11 12:09:01', '2026-06-11 12:09:01'),
(7, 2, '2026-05', 7, 0.00, '2026-06-11 12:09:01', '2026-06-11 12:09:01'),
(8, 2, '2026-05', 8, 3.00, '2026-06-11 12:09:01', '2026-06-11 12:09:01'),
(9, 2, '2026-05', 9, 3.00, '2026-06-11 12:09:01', '2026-06-11 12:09:01'),
(10, 2, '2026-05', 10, 3.00, '2026-06-11 12:09:01', '2026-06-11 12:09:01'),
(11, 2, '2026-05', 11, 5.00, '2026-06-11 12:09:01', '2026-06-11 12:09:01'),
(12, 2, '2026-05', 12, 3.00, '2026-06-11 12:09:01', '2026-06-11 12:09:01'),
(13, 2, '2026-05', 13, 0.00, '2026-06-11 12:09:01', '2026-06-11 12:09:01'),
(14, 2, '2026-05', 14, 0.00, '2026-06-11 12:09:01', '2026-06-11 12:09:01'),
(15, 2, '2026-05', 15, 1.99, '2026-06-11 12:09:01', '2026-06-11 12:09:01'),
(16, 2, '2026-05', 16, 0.44, '2026-06-11 12:09:01', '2026-06-11 12:09:01'),
(17, 2, '2026-05', 17, 0.00, '2026-06-11 12:09:01', '2026-06-11 12:09:01'),
(18, 2, '2026-05', 18, 0.00, '2026-06-11 12:09:01', '2026-06-11 12:09:01'),
(37, 1, '2026-05', 1, 0.95, '2026-06-11 13:15:53', '2026-06-11 13:15:53'),
(38, 1, '2026-05', 2, 5.00, '2026-06-11 13:15:53', '2026-06-11 13:15:53'),
(39, 1, '2026-05', 3, 0.66, '2026-06-11 13:15:53', '2026-06-11 13:15:53'),
(40, 1, '2026-05', 4, 5.00, '2026-06-11 13:15:53', '2026-06-11 13:15:53'),
(41, 1, '2026-05', 5, 2.00, '2026-06-11 13:15:53', '2026-06-11 13:15:53'),
(42, 1, '2026-05', 6, 3.03, '2026-06-11 13:15:53', '2026-06-11 13:15:53'),
(43, 1, '2026-05', 7, 0.00, '2026-06-11 13:15:53', '2026-06-11 13:15:53'),
(44, 1, '2026-05', 8, 3.00, '2026-06-11 13:15:53', '2026-06-11 13:15:53'),
(45, 1, '2026-05', 9, 3.00, '2026-06-11 13:15:53', '2026-06-11 13:15:53'),
(46, 1, '2026-05', 10, 3.00, '2026-06-11 13:15:53', '2026-06-11 13:15:53'),
(47, 1, '2026-05', 11, 5.00, '2026-06-11 13:15:53', '2026-06-11 13:15:53'),
(48, 1, '2026-05', 12, 3.00, '2026-06-11 13:15:53', '2026-06-11 13:15:53'),
(49, 1, '2026-05', 13, 0.00, '2026-06-11 13:15:53', '2026-06-11 13:15:53'),
(50, 1, '2026-05', 14, 0.00, '2026-06-11 13:15:53', '2026-06-11 13:15:53'),
(51, 1, '2026-05', 15, 0.00, '2026-06-11 13:15:53', '2026-06-11 13:15:53'),
(52, 1, '2026-05', 16, 0.00, '2026-06-11 13:15:53', '2026-06-11 13:15:53'),
(53, 1, '2026-05', 17, 0.00, '2026-06-11 13:15:53', '2026-06-11 13:15:53'),
(54, 1, '2026-05', 18, 0.00, '2026-06-11 13:15:53', '2026-06-11 13:15:53'),
(73, 2, '2026-06', 1, 0.00, '2026-06-11 13:33:45', '2026-06-11 13:33:45'),
(74, 2, '2026-06', 2, 0.00, '2026-06-11 13:33:45', '2026-06-11 13:33:45'),
(75, 2, '2026-06', 3, 0.00, '2026-06-11 13:33:45', '2026-06-11 13:33:45'),
(76, 2, '2026-06', 4, 0.00, '2026-06-11 13:33:45', '2026-06-11 13:33:45'),
(77, 2, '2026-06', 5, 0.00, '2026-06-11 13:33:45', '2026-06-11 13:33:45'),
(78, 2, '2026-06', 6, 0.00, '2026-06-11 13:33:45', '2026-06-11 13:33:45'),
(79, 2, '2026-06', 7, 0.00, '2026-06-11 13:33:45', '2026-06-11 13:33:45'),
(80, 2, '2026-06', 8, 0.00, '2026-06-11 13:33:45', '2026-06-11 13:33:45'),
(81, 2, '2026-06', 9, 0.00, '2026-06-11 13:33:45', '2026-06-11 13:33:45'),
(82, 2, '2026-06', 10, 0.00, '2026-06-11 13:33:45', '2026-06-11 13:33:45'),
(83, 2, '2026-06', 11, 0.00, '2026-06-11 13:33:45', '2026-06-11 13:33:45'),
(84, 2, '2026-06', 12, 0.00, '2026-06-11 13:33:45', '2026-06-11 13:33:45'),
(85, 2, '2026-06', 13, 0.00, '2026-06-11 13:33:45', '2026-06-11 13:33:45'),
(86, 2, '2026-06', 14, 0.00, '2026-06-11 13:33:45', '2026-06-11 13:33:45'),
(87, 2, '2026-06', 15, 0.00, '2026-06-11 13:33:45', '2026-06-11 13:33:45'),
(88, 2, '2026-06', 16, 0.00, '2026-06-11 13:33:45', '2026-06-11 13:33:45'),
(89, 2, '2026-06', 17, 0.00, '2026-06-11 13:33:45', '2026-06-11 13:33:45'),
(90, 2, '2026-06', 18, 0.00, '2026-06-11 13:33:45', '2026-06-11 13:33:45'),
(91, 1, '2026-06', 1, 0.00, '2026-06-11 13:36:46', '2026-06-11 13:36:46'),
(92, 1, '2026-06', 2, 0.00, '2026-06-11 13:36:46', '2026-06-11 13:36:46'),
(93, 1, '2026-06', 3, 0.00, '2026-06-11 13:36:46', '2026-06-11 13:36:46'),
(94, 1, '2026-06', 4, 0.00, '2026-06-11 13:36:46', '2026-06-11 13:36:46'),
(95, 1, '2026-06', 5, 0.00, '2026-06-11 13:36:46', '2026-06-11 13:36:46'),
(96, 1, '2026-06', 6, 0.00, '2026-06-11 13:36:46', '2026-06-11 13:36:46'),
(97, 1, '2026-06', 7, 0.00, '2026-06-11 13:36:46', '2026-06-11 13:36:46'),
(98, 1, '2026-06', 8, 0.00, '2026-06-11 13:36:46', '2026-06-11 13:36:46'),
(99, 1, '2026-06', 9, 0.00, '2026-06-11 13:36:46', '2026-06-11 13:36:46'),
(100, 1, '2026-06', 10, 0.00, '2026-06-11 13:36:46', '2026-06-11 13:36:46'),
(101, 1, '2026-06', 11, 0.00, '2026-06-11 13:36:46', '2026-06-11 13:36:46'),
(102, 1, '2026-06', 12, 0.00, '2026-06-11 13:36:46', '2026-06-11 13:36:46'),
(103, 1, '2026-06', 13, 0.00, '2026-06-11 13:36:46', '2026-06-11 13:36:46'),
(104, 1, '2026-06', 14, 0.00, '2026-06-11 13:36:46', '2026-06-11 13:36:46'),
(105, 1, '2026-06', 15, 0.00, '2026-06-11 13:36:46', '2026-06-11 13:36:46'),
(106, 1, '2026-06', 16, 0.00, '2026-06-11 13:36:46', '2026-06-11 13:36:46'),
(107, 1, '2026-06', 17, 0.00, '2026-06-11 13:36:46', '2026-06-11 13:36:46'),
(108, 1, '2026-06', 18, 0.00, '2026-06-11 13:36:46', '2026-06-11 13:36:46');

-- --------------------------------------------------------

--
-- Estructura de tabla para la tabla `motivos_parada`
--

CREATE TABLE `motivos_parada` (
  `id` int(11) NOT NULL,
  `nombre` varchar(100) NOT NULL,
  `tipo` enum('programada','no_programada') NOT NULL DEFAULT 'no_programada'
) ENGINE=InnoDB DEFAULT CHARSET=utf8mb4 COLLATE=utf8mb4_general_ci;

--
-- Volcado de datos para la tabla `motivos_parada`
--

INSERT INTO `motivos_parada` (`id`, `nombre`, `tipo`) VALUES
(1, 'PREPARACION', 'programada'),
(2, 'PRE-PRENSA', 'programada'),
(3, 'COLORIMETRIA', 'programada'),
(4, 'CALIDAD', 'programada'),
(5, 'MANTENIMIENTO', 'no_programada'),
(6, 'LIMPIEZA GENERAL DE MAQUINA', 'programada'),
(7, 'PLANIFICACION', 'programada'),
(8, 'LIMPIEZA DE PLANCHA', 'programada'),
(9, 'LIMPIEZA DE RODILLO', 'programada'),
(10, 'LIMPIEZA DE TAMBOR CENTRAL', 'programada'),
(11, 'PRODUCCION', 'programada'),
(12, 'PRUEBAS', 'programada'),
(13, 'LOGISTICA', 'no_programada'),
(14, 'FALLAS ELECTRICAS', 'no_programada'),
(15, 'APROBACIONES', 'programada'),
(16, 'ESTANDAR DE COLOR', 'programada'),
(17, 'RRHH', 'no_programada'),
(18, 'FALTA DE INSUMO / PEDIDO', 'no_programada');

-- --------------------------------------------------------

--
-- Estructura de tabla para la tabla `paradas_trabajo`
--

CREATE TABLE `paradas_trabajo` (
  `id` int(11) NOT NULL,
  `trabajo_id` int(11) NOT NULL,
  `motivo_id` int(11) NOT NULL,
  `minutos` int(11) DEFAULT 0,
  `created_at` timestamp NOT NULL DEFAULT current_timestamp()
) ENGINE=InnoDB DEFAULT CHARSET=utf8mb4 COLLATE=utf8mb4_general_ci;

--
-- Volcado de datos para la tabla `paradas_trabajo`
--

INSERT INTO `paradas_trabajo` (`id`, `trabajo_id`, `motivo_id`, `minutos`, `created_at`) VALUES
(8502, 57, 1, 85, '2026-06-18 13:34:34'),
(8503, 57, 5, 75, '2026-06-18 13:34:34'),
(8504, 57, 11, 15, '2026-06-18 13:34:34'),
(8505, 58, 1, 130, '2026-06-18 13:34:34'),
(8506, 58, 8, 10, '2026-06-18 13:34:34'),
(8507, 58, 9, 40, '2026-06-18 13:34:34'),
(8508, 58, 12, 100, '2026-06-18 13:34:34'),
(8509, 59, 1, 110, '2026-06-18 13:34:34'),
(8510, 59, 3, 15, '2026-06-18 13:34:34'),
(8511, 59, 4, 15, '2026-06-18 13:34:34'),
(8512, 59, 8, 20, '2026-06-18 13:34:34'),
(8513, 59, 9, 40, '2026-06-18 13:34:34'),
(8514, 60, 1, 70, '2026-06-18 13:34:34'),
(8515, 60, 4, 20, '2026-06-18 13:34:34'),
(8516, 60, 8, 10, '2026-06-18 13:34:34'),
(8517, 60, 11, 15, '2026-06-18 13:34:34'),
(8518, 61, 1, 30, '2026-06-18 13:34:34'),
(8519, 61, 2, 40, '2026-06-18 13:34:34'),
(8520, 61, 4, 15, '2026-06-18 13:34:34'),
(8521, 61, 8, 15, '2026-06-18 13:34:34'),
(8522, 61, 13, 60, '2026-06-18 13:34:34'),
(8523, 61, 17, 60, '2026-06-18 13:34:34'),
(8524, 62, 1, 115, '2026-06-18 13:34:34'),
(8525, 62, 2, 20, '2026-06-18 13:34:34'),
(8526, 62, 3, 20, '2026-06-18 13:34:34'),
(8527, 62, 4, 50, '2026-06-18 13:34:34'),
(8528, 62, 8, 55, '2026-06-18 13:34:34'),
(8529, 62, 10, 20, '2026-06-18 13:34:34'),
(8530, 63, 1, 160, '2026-06-18 13:34:34'),
(8531, 63, 2, 45, '2026-06-18 13:34:34'),
(8532, 63, 3, 40, '2026-06-18 13:34:34'),
(8533, 63, 4, 20, '2026-06-18 13:34:34'),
(8534, 63, 10, 20, '2026-06-18 13:34:34'),
(8535, 63, 13, 30, '2026-06-18 13:34:34'),
(8536, 64, 1, 70, '2026-06-18 13:34:34'),
(8537, 64, 3, 20, '2026-06-18 13:34:34'),
(8538, 64, 4, 40, '2026-06-18 13:34:34'),
(8539, 64, 8, 20, '2026-06-18 13:34:34'),
(8540, 64, 10, 10, '2026-06-18 13:34:34'),
(8541, 65, 18, 28350, '2026-06-18 13:34:34'),
(8542, 514, 1, 50, '2026-06-18 13:37:10'),
(8543, 514, 3, 20, '2026-06-18 13:37:10'),
(8544, 514, 4, 40, '2026-06-18 13:37:10'),
(8545, 514, 5, 490, '2026-06-18 13:37:10'),
(8546, 514, 8, 90, '2026-06-18 13:37:10'),
(8547, 514, 11, 100, '2026-06-18 13:37:10'),
(8548, 515, 1, 45, '2026-06-18 13:37:10'),
(8549, 515, 3, 35, '2026-06-18 13:37:10'),
(8550, 515, 4, 20, '2026-06-18 13:37:10'),
(8551, 515, 5, 160, '2026-06-18 13:37:10'),
(8552, 515, 8, 95, '2026-06-18 13:37:10'),
(8553, 515, 10, 15, '2026-06-18 13:37:10'),
(8554, 515, 11, 20, '2026-06-18 13:37:10'),
(8555, 516, 1, 55, '2026-06-18 13:37:10'),
(8556, 516, 3, 30, '2026-06-18 13:37:10'),
(8557, 516, 4, 20, '2026-06-18 13:37:10'),
(8558, 516, 5, 200, '2026-06-18 13:37:10'),
(8559, 516, 8, 20, '2026-06-18 13:37:10'),
(8560, 516, 11, 75, '2026-06-18 13:37:10'),
(8561, 516, 13, 25, '2026-06-18 13:37:10'),
(8562, 516, 15, 70, '2026-06-18 13:37:10'),
(8563, 517, 1, 20, '2026-06-18 13:37:10'),
(8564, 517, 2, 30, '2026-06-18 13:37:10'),
(8565, 517, 4, 10, '2026-06-18 13:37:10'),
(8566, 517, 5, 20, '2026-06-18 13:37:10'),
(8567, 517, 9, 16, '2026-06-18 13:37:10'),
(8568, 517, 11, 10, '2026-06-18 13:37:10'),
(8569, 518, 1, 65, '2026-06-18 13:37:10'),
(8570, 518, 2, 15, '2026-06-18 13:37:10'),
(8571, 518, 3, 110, '2026-06-18 13:37:10'),
(8572, 518, 4, 20, '2026-06-18 13:37:10'),
(8573, 518, 8, 60, '2026-06-18 13:37:10'),
(8574, 518, 10, 10, '2026-06-18 13:37:10'),
(8575, 518, 9, 60, '2026-06-18 13:37:10'),
(8576, 518, 11, 15, '2026-06-18 13:37:10'),
(8577, 519, 1, 75, '2026-06-18 13:37:10'),
(8578, 519, 3, 20, '2026-06-18 13:37:10'),
(8579, 519, 4, 20, '2026-06-18 13:37:10'),
(8580, 519, 5, 10, '2026-06-18 13:37:10'),
(8581, 519, 8, 5, '2026-06-18 13:37:10'),
(8582, 520, 1, 30, '2026-06-18 13:37:10'),
(8583, 520, 3, 15, '2026-06-18 13:37:10'),
(8584, 520, 4, 10, '2026-06-18 13:37:10'),
(8585, 520, 5, 55, '2026-06-18 13:37:10'),
(8586, 520, 8, 10, '2026-06-18 13:37:10'),
(8587, 521, 1, 30, '2026-06-18 13:37:10'),
(8588, 521, 3, 15, '2026-06-18 13:37:10'),
(8589, 521, 4, 10, '2026-06-18 13:37:10'),
(8590, 521, 5, 210, '2026-06-18 13:37:10'),
(8591, 522, 1, 80, '2026-06-18 13:37:10'),
(8592, 522, 2, 100, '2026-06-18 13:37:10'),
(8593, 522, 4, 20, '2026-06-18 13:37:10'),
(8594, 522, 13, 30, '2026-06-18 13:37:10'),
(8595, 523, 1, 55, '2026-06-18 13:37:10'),
(8596, 523, 5, 85, '2026-06-18 13:37:10'),
(8597, 523, 7, 30, '2026-06-18 13:37:10'),
(8598, 523, 8, 65, '2026-06-18 13:37:10'),
(8599, 523, 10, 20, '2026-06-18 13:37:10'),
(8600, 523, 11, 35, '2026-06-18 13:37:10'),
(8601, 523, 13, 25, '2026-06-18 13:37:10'),
(8602, 523, 15, 90, '2026-06-18 13:37:10'),
(8603, 523, 16, 15, '2026-06-18 13:37:10'),
(8604, 524, 1, 55, '2026-06-18 13:37:10'),
(8605, 524, 5, 100, '2026-06-18 13:37:10'),
(8606, 524, 8, 80, '2026-06-18 13:37:10'),
(8607, 524, 10, 20, '2026-06-18 13:37:10'),
(8608, 524, 11, 35, '2026-06-18 13:37:10'),
(8609, 524, 13, 20, '2026-06-18 13:37:10'),
(8610, 524, 15, 90, '2026-06-18 13:37:10'),
(8611, 524, 16, 15, '2026-06-18 13:37:10'),
(8612, 525, 1, 100, '2026-06-18 13:37:10'),
(8613, 525, 3, 35, '2026-06-18 13:37:10'),
(8614, 525, 4, 20, '2026-06-18 13:37:10'),
(8615, 525, 11, 120, '2026-06-18 13:37:10'),
(8618, 527, 6, 420, '2026-06-18 13:37:11'),
(8619, 526, 1, 45, '2026-06-18 13:37:11'),
(8620, 526, 2, 40, '2026-06-18 13:37:11'),
(8621, 526, 3, 25, '2026-06-18 13:37:11'),
(8622, 526, 4, 40, '2026-06-18 13:37:11'),
(8623, 526, 5, 85, '2026-06-18 13:37:11'),
(8624, 526, 8, 50, '2026-06-18 13:37:11'),
(8625, 526, 11, 40, '2026-06-18 13:37:11'),
(8626, 526, 13, 10, '2026-06-18 13:37:11'),
(8627, 528, 1, 75, '2026-06-18 13:37:11'),
(8628, 528, 3, 120, '2026-06-18 13:37:11'),
(8629, 528, 4, 20, '2026-06-18 13:37:11'),
(8630, 528, 5, 25, '2026-06-18 13:37:11'),
(8631, 528, 8, 60, '2026-06-18 13:37:11'),
(8632, 528, 10, 10, '2026-06-18 13:37:11'),
(8633, 528, 11, 75, '2026-06-18 13:37:11'),
(8634, 529, 1, 65, '2026-06-18 13:37:11'),
(8635, 529, 2, 30, '2026-06-18 13:37:11'),
(8636, 529, 3, 75, '2026-06-18 13:37:11'),
(8637, 529, 4, 20, '2026-06-18 13:37:11'),
(8638, 529, 8, 20, '2026-06-18 13:37:11'),
(8639, 529, 11, 35, '2026-06-18 13:37:11'),
(8640, 530, 1, 100, '2026-06-18 13:37:11'),
(8641, 530, 3, 65, '2026-06-18 13:37:11'),
(8642, 530, 4, 20, '2026-06-18 13:37:11'),
(8643, 530, 8, 20, '2026-06-18 13:37:11'),
(8644, 530, 10, 15, '2026-06-18 13:37:11'),
(8645, 530, 11, 75, '2026-06-18 13:37:11'),
(8646, 531, 1, 75, '2026-06-18 13:37:11'),
(8647, 531, 3, 430, '2026-06-18 13:37:11'),
(8648, 531, 5, 30, '2026-06-18 13:37:11'),
(8649, 531, 8, 10, '2026-06-18 13:37:11'),
(8650, 531, 10, 10, '2026-06-18 13:37:11'),
(8651, 531, 11, 275, '2026-06-18 13:37:11'),
(8652, 531, 13, 35, '2026-06-18 13:37:11'),
(8653, 532, 1, 110, '2026-06-18 13:37:11'),
(8654, 532, 2, 10, '2026-06-18 13:37:11'),
(8655, 532, 3, 160, '2026-06-18 13:37:11'),
(8656, 532, 4, 40, '2026-06-18 13:37:11'),
(8657, 532, 5, 15, '2026-06-18 13:37:11'),
(8658, 532, 8, 105, '2026-06-18 13:37:11'),
(8659, 532, 10, 25, '2026-06-18 13:37:11'),
(8660, 532, 9, 20, '2026-06-18 13:37:11'),
(8661, 532, 11, 130, '2026-06-18 13:37:11'),
(8662, 533, 1, 40, '2026-06-18 13:37:11'),
(8663, 533, 4, 20, '2026-06-18 13:37:11'),
(8664, 533, 15, 245, '2026-06-18 13:37:11'),
(8665, 533, 16, 110, '2026-06-18 13:37:11'),
(8666, 534, 1, 85, '2026-06-18 13:37:11'),
(8667, 534, 2, 50, '2026-06-18 13:37:11'),
(8668, 534, 5, 20, '2026-06-18 13:37:11'),
(8669, 534, 10, 20, '2026-06-18 13:37:11'),
(8670, 534, 11, 10, '2026-06-18 13:37:11'),
(8671, 534, 12, 195, '2026-06-18 13:37:11'),
(8672, 534, 16, 120, '2026-06-18 13:37:11'),
(8673, 535, 1, 80, '2026-06-18 13:37:11'),
(8674, 535, 2, 15, '2026-06-18 13:37:11'),
(8675, 535, 3, 25, '2026-06-18 13:37:11'),
(8676, 535, 4, 20, '2026-06-18 13:37:11'),
(8677, 535, 8, 20, '2026-06-18 13:37:11'),
(8678, 535, 11, 20, '2026-06-18 13:37:11'),
(8687, 536, 8, 40, '2026-06-18 13:37:11'),
(8688, 537, 6, 260, '2026-06-18 13:37:11'),
(8689, 538, 1, 55, '2026-06-18 13:37:11'),
(8690, 538, 3, 60, '2026-06-18 13:37:11'),
(8691, 538, 4, 20, '2026-06-18 13:37:11'),
(8692, 538, 5, 70, '2026-06-18 13:37:11'),
(8693, 538, 8, 35, '2026-06-18 13:37:11'),
(8694, 538, 10, 5, '2026-06-18 13:37:11'),
(8695, 538, 11, 90, '2026-06-18 13:37:11'),
(8696, 538, 13, 25, '2026-06-18 13:37:11'),
(8697, 539, 8, 10, '2026-06-18 13:37:11'),
(8698, 539, 16, 110, '2026-06-18 13:37:11'),
(8699, 540, 1, 50, '2026-06-18 13:37:11'),
(8700, 540, 3, 110, '2026-06-18 13:37:11'),
(8701, 540, 4, 20, '2026-06-18 13:37:11'),
(8702, 541, 1, 80, '2026-06-18 13:37:11'),
(8703, 541, 2, 120, '2026-06-18 13:37:11'),
(8704, 541, 3, 120, '2026-06-18 13:37:11'),
(8705, 541, 4, 20, '2026-06-18 13:37:11'),
(8706, 541, 8, 98, '2026-06-18 13:37:11'),
(8707, 541, 11, 65, '2026-06-18 13:37:11'),
(8708, 542, 1, 50, '2026-06-18 13:37:11'),
(8709, 542, 3, 45, '2026-06-18 13:37:11'),
(8710, 542, 4, 13, '2026-06-18 13:37:11'),
(8711, 542, 5, 90, '2026-06-18 13:37:11'),
(8712, 542, 9, 10, '2026-06-18 13:37:11'),
(8713, 542, 11, 30, '2026-06-18 13:37:11'),
(8714, 542, 13, 10, '2026-06-18 13:37:11'),
(8715, 543, 1, 50, '2026-06-18 13:37:11'),
(8716, 543, 3, 45, '2026-06-18 13:37:11'),
(8717, 543, 4, 12, '2026-06-18 13:37:11'),
(8718, 543, 5, 60, '2026-06-18 13:37:11'),
(8719, 543, 10, 15, '2026-06-18 13:37:11'),
(8720, 543, 9, 10, '2026-06-18 13:37:11'),
(8721, 543, 11, 30, '2026-06-18 13:37:11'),
(8722, 543, 13, 10, '2026-06-18 13:37:11'),
(8723, 544, 1, 85, '2026-06-18 13:37:11'),
(8724, 544, 3, 35, '2026-06-18 13:37:11'),
(8725, 544, 4, 20, '2026-06-18 13:37:11'),
(8726, 544, 5, 85, '2026-06-18 13:37:11'),
(8727, 544, 6, 50, '2026-06-18 13:37:11'),
(8728, 544, 11, 30, '2026-06-18 13:37:11'),
(8729, 545, 1, 30, '2026-06-18 13:37:11'),
(8730, 545, 2, 95, '2026-06-18 13:37:11'),
(8731, 545, 3, 50, '2026-06-18 13:37:11'),
(8732, 545, 4, 20, '2026-06-18 13:37:11'),
(8733, 545, 5, 20, '2026-06-18 13:37:11'),
(8734, 545, 8, 40, '2026-06-18 13:37:11'),
(8735, 545, 9, 30, '2026-06-18 13:37:11'),
(8736, 546, 1, 30, '2026-06-18 13:37:11'),
(8737, 546, 8, 35, '2026-06-18 13:37:11'),
(8738, 546, 10, 10, '2026-06-18 13:37:11'),
(8739, 546, 12, 120, '2026-06-18 13:37:11'),
(8740, 546, 16, 60, '2026-06-18 13:37:11'),
(8741, 547, 1, 90, '2026-06-18 13:37:11'),
(8742, 547, 3, 55, '2026-06-18 13:37:11'),
(8743, 547, 4, 35, '2026-06-18 13:37:11'),
(8744, 547, 11, 25, '2026-06-18 13:37:11'),
(8745, 548, 1, 30, '2026-06-18 13:37:11'),
(8746, 548, 3, 85, '2026-06-18 13:37:11'),
(8747, 548, 4, 20, '2026-06-18 13:37:11'),
(8748, 548, 5, 40, '2026-06-18 13:37:11'),
(8749, 548, 8, 80, '2026-06-18 13:37:11'),
(8750, 548, 10, 15, '2026-06-18 13:37:11'),
(8751, 548, 13, 10, '2026-06-18 13:37:11'),
(8752, 549, 1, 75, '2026-06-18 13:37:11'),
(8753, 549, 8, 10, '2026-06-18 13:37:11'),
(8754, 549, 11, 40, '2026-06-18 13:37:11'),
(8755, 549, 15, 85, '2026-06-18 13:37:11'),
(8756, 549, 16, 40, '2026-06-18 13:37:11'),
(8757, 550, 1, 30, '2026-06-18 13:37:11'),
(8758, 550, 4, 10, '2026-06-18 13:37:11'),
(8759, 550, 8, 5, '2026-06-18 13:37:11'),
(8760, 551, 1, 50, '2026-06-18 13:37:11'),
(8761, 551, 3, 20, '2026-06-18 13:37:11'),
(8762, 551, 4, 20, '2026-06-18 13:37:11'),
(8763, 551, 8, 20, '2026-06-18 13:37:11'),
(8764, 551, 10, 20, '2026-06-18 13:37:11'),
(8765, 551, 9, 20, '2026-06-18 13:37:11'),
(8766, 551, 11, 15, '2026-06-18 13:37:11'),
(8767, 552, 1, 95, '2026-06-18 13:37:11'),
(8768, 552, 3, 55, '2026-06-18 13:37:11'),
(8769, 552, 4, 20, '2026-06-18 13:37:11'),
(8770, 552, 8, 20, '2026-06-18 13:37:11'),
(8771, 552, 11, 60, '2026-06-18 13:37:11'),
(8772, 553, 1, 95, '2026-06-18 13:37:11'),
(8773, 553, 3, 55, '2026-06-18 13:37:11'),
(8774, 553, 5, 30, '2026-06-18 13:37:11'),
(8775, 553, 8, 50, '2026-06-18 13:37:11'),
(8776, 553, 10, 10, '2026-06-18 13:37:11'),
(8777, 553, 9, 20, '2026-06-18 13:37:11'),
(8778, 553, 11, 20, '2026-06-18 13:37:11'),
(8779, 553, 15, 440, '2026-06-18 13:37:11'),
(8780, 554, 5, 30, '2026-06-18 13:37:11'),
(8781, 554, 8, 55, '2026-06-18 13:37:11'),
(8782, 554, 11, 45, '2026-06-18 13:37:11'),
(8783, 555, 5, 210, '2026-06-18 13:37:11'),
(8784, 555, 8, 25, '2026-06-18 13:37:11'),
(8785, 556, 1, 40, '2026-06-18 13:37:11'),
(8786, 556, 8, 50, '2026-06-18 13:37:11'),
(8787, 556, 10, 10, '2026-06-18 13:37:11'),
(8788, 556, 11, 35, '2026-06-18 13:37:11'),
(8789, 556, 15, 60, '2026-06-18 13:37:11'),
(8790, 557, 8, 55, '2026-06-18 13:37:11'),
(8791, 557, 11, 15, '2026-06-18 13:37:11'),
(8792, 558, 1, 95, '2026-06-18 13:37:11'),
(8793, 558, 2, 220, '2026-06-18 13:37:11'),
(8794, 558, 3, 100, '2026-06-18 13:37:11'),
(8795, 558, 4, 20, '2026-06-18 13:37:11'),
(8796, 558, 5, 80, '2026-06-18 13:37:11'),
(8797, 558, 8, 107, '2026-06-18 13:37:11'),
(8798, 558, 10, 35, '2026-06-18 13:37:11'),
(8799, 558, 11, 190, '2026-06-18 13:37:11'),
(8800, 558, 13, 20, '2026-06-18 13:37:11'),
(8801, 558, 14, 325, '2026-06-18 13:37:11'),
(8802, 559, 1, 45, '2026-06-18 13:37:11'),
(8803, 559, 2, 85, '2026-06-18 13:37:11'),
(8804, 559, 4, 150, '2026-06-18 13:37:11'),
(8805, 559, 8, 50, '2026-06-18 13:37:11'),
(8806, 559, 10, 20, '2026-06-18 13:37:11'),
(8807, 560, 1, 45, '2026-06-18 13:37:11'),
(8808, 560, 2, 135, '2026-06-18 13:37:11'),
(8809, 560, 3, 125, '2026-06-18 13:37:11'),
(8810, 560, 4, 20, '2026-06-18 13:37:11'),
(8811, 560, 11, 15, '2026-06-18 13:37:11'),
(8812, 560, 13, 25, '2026-06-18 13:37:11'),
(8813, 561, 1, 30, '2026-06-18 13:37:11'),
(8814, 561, 2, 20, '2026-06-18 13:37:11'),
(8815, 561, 3, 20, '2026-06-18 13:37:11'),
(8816, 561, 4, 10, '2026-06-18 13:37:11'),
(8817, 561, 8, 15, '2026-06-18 13:37:11'),
(8818, 561, 10, 10, '2026-06-18 13:37:11'),
(8819, 562, 1, 35, '2026-06-18 13:37:11'),
(8820, 562, 2, 10, '2026-06-18 13:37:11'),
(8821, 562, 3, 20, '2026-06-18 13:37:11'),
(8822, 562, 4, 20, '2026-06-18 13:37:11'),
(8823, 562, 8, 45, '2026-06-18 13:37:11'),
(8824, 562, 11, 30, '2026-06-18 13:37:11'),
(8825, 563, 1, 80, '2026-06-18 13:37:11'),
(8826, 563, 3, 45, '2026-06-18 13:37:11'),
(8827, 563, 4, 20, '2026-06-18 13:37:11'),
(8828, 563, 5, 75, '2026-06-18 13:37:11'),
(8829, 563, 8, 15, '2026-06-18 13:37:11'),
(8830, 563, 11, 20, '2026-06-18 13:37:11'),
(8831, 563, 13, 30, '2026-06-18 13:37:11'),
(8832, 563, 15, 275, '2026-06-18 13:37:11'),
(8833, 563, 16, 70, '2026-06-18 13:37:11'),
(8834, 564, 1, 45, '2026-06-18 13:37:11'),
(8835, 564, 2, 20, '2026-06-18 13:37:11'),
(8836, 564, 3, 80, '2026-06-18 13:37:11'),
(8837, 564, 4, 20, '2026-06-18 13:37:11'),
(8838, 564, 5, 130, '2026-06-18 13:37:11'),
(8839, 564, 17, 30, '2026-06-18 13:37:11'),
(8840, 565, 1, 100, '2026-06-18 13:37:11'),
(8841, 565, 4, 20, '2026-06-18 13:37:11'),
(8842, 565, 15, 100, '2026-06-18 13:37:11'),
(8843, 565, 16, 25, '2026-06-18 13:37:11'),
(8848, 566, 8, 10, '2026-06-18 13:37:11'),
(8849, 567, 4, 10, '2026-06-18 13:37:11'),
(8850, 567, 12, 20, '2026-06-18 13:37:11'),
(8851, 568, 1, 125, '2026-06-18 13:37:11'),
(8852, 568, 2, 80, '2026-06-18 13:37:11'),
(8853, 568, 3, 30, '2026-06-18 13:37:11'),
(8854, 568, 4, 20, '2026-06-18 13:37:11'),
(8855, 568, 5, 75, '2026-06-18 13:37:11'),
(8856, 568, 8, 115, '2026-06-18 13:37:11'),
(8857, 568, 10, 15, '2026-06-18 13:37:11'),
(8858, 568, 9, 20, '2026-06-18 13:37:11'),
(8859, 568, 11, 40, '2026-06-18 13:37:11'),
(8860, 569, 6, 480, '2026-06-18 13:37:11');

-- --------------------------------------------------------

--
-- Estructura de tabla para la tabla `produccion_informativa`
--

CREATE TABLE `produccion_informativa` (
  `id` int(11) NOT NULL,
  `empresa_id` int(11) NOT NULL,
  `maquina_id` int(11) NOT NULL,
  `orden` int(11) NOT NULL DEFAULT 0,
  `tarea` varchar(255) NOT NULL,
  `meta_valor` varchar(50) DEFAULT NULL,
  `descripcion_secundaria` text DEFAULT NULL,
  `prioridad` enum('baja','media','alta') DEFAULT 'media',
  `estado` enum('pendiente','en_progreso','completado') DEFAULT 'pendiente',
  `fecha_asignada` date NOT NULL DEFAULT curdate(),
  `fecha_completado` datetime DEFAULT NULL,
  `created_at` timestamp NOT NULL DEFAULT current_timestamp()
) ENGINE=InnoDB DEFAULT CHARSET=utf8mb4 COLLATE=utf8mb4_general_ci;

--
-- Volcado de datos para la tabla `produccion_informativa`
--

INSERT INTO `produccion_informativa` (`id`, `empresa_id`, `maquina_id`, `orden`, `tarea`, `meta_valor`, `descripcion_secundaria`, `prioridad`, `estado`, `fecha_asignada`, `fecha_completado`, `created_at`) VALUES
(1, 2, 2, 1, 'ggg', '3432', 'ggg', 'media', 'completado', '2026-06-08', NULL, '2026-06-08 14:27:47'),
(2, 2, 2, 2, 'DISTRIBUIDORA NACIONAL 2000 C.A', '1100', 'LAMINACION IMPPRESA BUEN CAFE PREMIUN 100G', 'media', 'completado', '2026-06-08', NULL, '2026-06-08 14:27:58'),
(3, 2, 2, 3, 'INDUSTRIAS IBERIA C.A', '3150', 'LAMINACION IMPRESA INFUSION TE VERDE', 'media', 'completado', '2026-06-08', NULL, '2026-06-08 17:50:44'),
(4, 2, 1, 2, 'aa', '121', 'aa', 'media', 'pendiente', '2026-06-08', NULL, '2026-06-08 19:20:37'),
(5, 2, 2, 1, 'PEPSI-COLA VENEZUELA C.A', '3000', 'ETIQUETA IMPRESA PIÑA 1L', 'media', 'pendiente', '2026-06-09', NULL, '2026-06-09 12:35:15'),
(6, 2, 1, 1, 'alimentos polar', '76', 'IMPORTANTE', 'media', 'pendiente', '2026-06-09', NULL, '2026-06-09 13:15:55'),
(7, 2, 1, 4, 'actividad test', '12321', 'actividad test', 'media', 'pendiente', '2026-06-15', NULL, '2026-06-15 13:41:06'),
(8, 2, 2, 3, 'ALIMENTOS POLAR', '1100', 'ALUMMINIO', 'media', 'completado', '2026-06-16', NULL, '2026-06-16 15:15:37'),
(9, 2, 2, 2, 'PRUEBA', '100', 'PRUEBA', 'media', 'pendiente', '2026-06-16', NULL, '2026-06-16 15:18:00'),
(10, 2, 2, 5, 'elemento de prueba', '5000', 'prueba', 'media', 'completado', '2026-06-17', NULL, '2026-06-17 11:57:36'),
(11, 2, 2, 3, 'coca-cola', '43543', '2litros', 'media', 'pendiente', '2026-06-17', NULL, '2026-06-17 13:27:06');

-- --------------------------------------------------------

--
-- Estructura de tabla para la tabla `productos`
--

CREATE TABLE `productos` (
  `id` int(11) NOT NULL,
  `cliente_id` int(11) NOT NULL,
  `nombre` varchar(255) NOT NULL
) ENGINE=InnoDB DEFAULT CHARSET=utf8mb4 COLLATE=utf8mb4_general_ci;

--
-- Volcado de datos para la tabla `productos`
--

INSERT INTO `productos` (`id`, `cliente_id`, `nombre`) VALUES
(1, 1, 'ENVOLTORIO EXTERNO IMPRESO SODA PUIG 240g'),
(2, 2, 'LINNER MTP  IMPRESO GARANTIA DE PUREZA'),
(3, 3, 'LAMINACION IMPRESA MAIZINA 400g'),
(4, 4, 'LAMINACION TAPAS MINITINA SIN IMPRESI??N'),
(5, 5, 'ETIQUETA IMPRESA GOLDEN PI??A 1,5L'),
(6, 6, 'LIMPIEZA GENERAL DE MAQUINA'),
(7, 7, 'LAMINACION IMPRESA GELATINA SONRISSA FRAMBUESA 132g.'),
(8, 1, 'LAMINACION IMPRESA BROWNIES CHOCOLATE 175g'),
(9, 8, 'BOPP IMPRESO CINTA MRW'),
(10, 9, 'FALTA DE PEDIDOS /  INSUMOS'),
(11, 10, 'PARADA PROGRAMADA'),
(12, 5, 'ETIQUETA IMPRESA GOLDEN UVA 2L'),
(13, 11, 'LAMINACION IMPRESA CAF?? ANZOATEGUI TOSTADO Y MOLIDO PREMIUM 500g'),
(14, 7, 'LAMINACION IMPRESA SACHET KETCHUP 10g (frente)'),
(15, 7, 'LAMINACION IMPRESA SACHET KETCHUP 10g (dorso)'),
(16, 12, 'ETIQUETA LAMINADA IMPRESA MAYONESA AMACORP 175g'),
(17, 12, 'ETIQUETA LAMINADA IMPRESA MAYONESA AMACORP 445g'),
(18, 13, 'EMPAQUE IMPRESO ARROZ LOLA 800g'),
(19, 14, 'ETIQUETA LAMINADA IMPRESA CLORO NEVEX BEBE 1L'),
(20, 14, 'ETIQUETA LAMINADA IMPRESA CLORO NEVEX LAVANDA 1L'),
(21, 14, 'ETIQUETA LAMINADA IMPRESA CLORO NEVEX LIMON 1L'),
(22, 14, 'ETIQUETA LAMINADA IMPRESA CLORO NEVEX REGULAR 1L'),
(23, 15, 'LAMINACION IMP. HARINA PRECOCIDA MASIA 900g'),
(24, 16, 'ETIQUETA IMPRESA MALTIN POLAR 1,5 L'),
(25, 17, 'LAMINACION IMPRESA CERELAC 400g'),
(26, 18, 'PRUEBAS VARIAS'),
(27, 5, 'ETIQUETA IMPRESA GOLDEN KOLITA 2L'),
(28, 5, 'ETIQUETA IMPRESA GOLDEN KOLITA 1,5 L'),
(29, 5, 'ETIQUETA IMPRESA GOLDEN MANZANA 2L'),
(30, 5, 'ETIQUETA IMPRESA GOLDEN UVA 1,5L'),
(31, 5, 'ETIQUETA IMPRESA SEVEN UP CERO 1,5 L'),
(32, 5, 'ETIQUETA IMPRESA SEVEN UP CERO 1 L'),
(33, 5, 'ETIQUETA IMPRESA SEVEN UP CERO 2 L'),
(34, 5, 'ETIQUETA IMPRESA PEPSI FREE 2 L'),
(35, 19, 'ETIQUETA IMPRESA DRINK COLA 400 ml'),
(36, 5, 'ETIQUETA IMPRESA PEPSI FREE 1,5 L'),
(37, 5, 'ETIQUETA IMPRESA PEPSI FREE 1 L'),
(38, 20, 'LAMINACION IMPRESA SACHET COLAYTE 69,57(120*160)'),
(39, 20, 'LAMINACION IMPRESA SACHET MILAX 8,5g (120*100)'),
(40, 21, 'ETIQUETA IMPRESA AGUA MINERAL CRYSTAL 330 cm??'),
(41, 21, 'ETIQUETA IMPRESA AGUA CRYSTAL 600 cm??'),
(42, 22, 'LAMINACION IMPRESA AZUCAR MORENA 1 Kg'),
(43, 23, 'test 1'),
(44, 24, 'TEST'),
(45, 25, 'PRODUCTO PRUEBA ANTIGRAVITY'),
(46, 26, 'test 2'),
(47, 27, 'ALUMINIO LAMINADO IMPRESO MAVESA 250 g'),
(48, 28, 'ALUMINIO LAMINADO IMPRESO YOGURT YOLO'),
(49, 29, 'ALUMINIO LAMINADO SIN IMPRESI??N'),
(50, 11, 'LAMINACION IMPRESA CAF?? ANZOATEGUI PREMIUN 50g'),
(51, 30, 'LAMINACI??N IMPRESA INFUSI??N MANZANILLA'),
(52, 30, 'LAMINACION IMPRESA INFUSION TE VERDE'),
(53, 30, 'LAMINACION IMPRESA INFUSION TE VERDE MENTA'),
(54, 11, 'LAMINACION IMPRESA BUEN CAF?? PREMIUN 100g'),
(55, 31, 'ETIQUETA IMPRESA JUSTY MANZANA 400 ML'),
(56, 31, 'ETIQUETA IMPRESA JUSTY PERA 400 ML'),
(57, 5, 'ETIQUETA IMPRESA GOLDEN PI??A 1L'),
(58, 5, 'ETIQUETA IMPRESA GOLDEN KOLITA 1L'),
(59, 5, 'ETIQUETA IMPRESA PEPSI LIGHT 2L'),
(60, 32, 'LAMINACION IMPRESA CAF?? AMANECER MOLIDO GOURMET 100g'),
(61, 33, 'ETIQUETA LAMINADA IMPRESA BIG COLA 2 L'),
(62, 17, 'LAMINACION IMPRESA CERELAC 100g'),
(63, 17, 'LAMINACION IMPRESA NESTUM ARROZ 225g'),
(64, 32, 'LAMINACION IMPRESA CAF?? AMANECER AL VACIO 250g'),
(65, 17, 'LAMINACION IMPRESA NESTUM TRIGO MIEL 225g'),
(66, 32, 'LAMINACION IMPRESA CAF??  AMANECER TOSTADO GRANO 1000 g'),
(67, 32, 'LAMINACION IMPRESA CAF?? DELLA NONNA TOSTADO GRANO 1000g.'),
(68, 11, 'LAMINACION IMPRESA CAF?? ANZOATEGUI TOSTADO Y MOLIDO PREMIUM 200g'),
(69, 11, 'LAMINACION IMPRESA CAF?? ANZOATEGUI PREMIUN GRANO 1kg'),
(70, 11, 'LAMINACION IMPRESA BUEN CAF?? PREMIUN 500g'),
(71, 11, 'LAMINACION IMPRESA CAF?? ANZOATEGUI DESCAFEINADO 200g'),
(72, 11, 'LAMINACION IMPRESA CAF?? ANZOATEGUI PREMIUN DESCAFEINADO 500g'),
(73, 5, 'ETIQUETA IMPRESA GOLDEN NARANJA 1,5L'),
(74, 5, 'ETIQUETA IMPRESA PEPSI PROMOCION ICONOS 2 L'),
(75, 5, 'ETIQUETA IMPRESA  PEPSI PROMOCION ICONOS 1,5 L'),
(76, 32, 'LAMINACION IMPRESA CAF?? AMANECER MOLIDO GOURMET 200g'),
(77, 32, 'LAMINACION IMPRESA CAF?? AMANECER MOLIDO GOURMET 500g'),
(78, 32, 'LAMINACION IMPRESA CAF?? DELLA NONNA MOLIDO GOURMET 500 g.'),
(79, 32, 'LAMINACION IMPRESA CAF?? DELLA NONNA MOLIDO GOURMET 100g'),
(80, 32, 'LAMINACION IMPRESA CAF?? DELLA NONNA MOLIDO GOURMET 200 g.'),
(81, 1, 'LAMINACION IMPRESA MARILU CHOCOLATE 36g'),
(82, 33, 'ETIQUETA LAMINADA IMPRESA FIRST PI??A 2L'),
(83, 27, 'ALUMINIO LAMINADO IMPRESO MAVESA 500g'),
(84, 3, 'LAMINACION IMPRESA MAIZINA 200g'),
(85, 34, 'LINNER MTP  IMPRESO GARANTIA DE PUREZA'),
(86, 8, 'BOPP IMPRESO CINTA SEVEN UP/PEPSI'),
(111, 29, 'ALUMINIO LAMINADO SIN IMPRESIÓN'),
(112, 11, 'LAMINACION IMPRESA CAFÉ ANZOATEGUI PREMIUN 50g'),
(113, 30, 'LAMINACIÓN IMPRESA INFUSIÓN MANZANILLA'),
(114, 11, 'LAMINACION IMPRESA BUEN CAFÉ PREMIUN 100g'),
(115, 5, 'ETIQUETA IMPRESA GOLDEN PIÑA 1L'),
(116, 44, 'LAMINACION IMPRESA CAFÉ AMANECER MOLIDO GOURMET 100g'),
(117, 44, 'LAMINACION IMPRESA CAFÉ AMANECER AL VACIO 250g'),
(118, 44, 'LAMINACION IMPRESA CAFÉ  AMANECER TOSTADO GRANO 1000 g'),
(119, 44, 'LAMINACION IMPRESA CAFÉ DELLA NONNA TOSTADO GRANO 1000g.'),
(120, 11, 'LAMINACION IMPRESA CAFÉ ANZOATEGUI TOSTADO Y MOLIDO PREMIUM 200g'),
(121, 11, 'LAMINACION IMPRESA CAFÉ ANZOATEGUI TOSTADO Y MOLIDO PREMIUM 500g'),
(122, 11, 'LAMINACION IMPRESA CAFÉ ANZOATEGUI PREMIUN GRANO 1kg'),
(123, 11, 'LAMINACION IMPRESA BUEN CAFÉ PREMIUN 500g'),
(124, 11, 'LAMINACION IMPRESA CAFÉ ANZOATEGUI DESCAFEINADO 200g'),
(125, 11, 'LAMINACION IMPRESA CAFÉ ANZOATEGUI PREMIUN DESCAFEINADO 500g'),
(126, 44, 'LAMINACION IMPRESA CAFÉ AMANECER MOLIDO GOURMET 200g'),
(127, 44, 'LAMINACION IMPRESA CAFÉ AMANECER MOLIDO GOURMET 500g'),
(128, 44, 'LAMINACION IMPRESA CAFÉ DELLA NONNA MOLIDO GOURMET 500 g.'),
(129, 44, 'LAMINACION IMPRESA CAFÉ DELLA NONNA MOLIDO GOURMET 100g'),
(130, 44, 'LAMINACION IMPRESA CAFÉ DELLA NONNA MOLIDO GOURMET 200 g.'),
(131, 33, 'ETIQUETA LAMINADA IMPRESA FIRST PIÑA 2L');

-- --------------------------------------------------------

--
-- Estructura de tabla para la tabla `resumen_excel`
--

CREATE TABLE `resumen_excel` (
  `id` int(11) NOT NULL,
  `maquina_id` int(11) NOT NULL,
  `mes` varchar(7) NOT NULL,
  `meta_kg` decimal(12,2) DEFAULT 0.00,
  `metros_ml` decimal(12,2) DEFAULT 0.00,
  `produccion_kg` decimal(12,2) DEFAULT 0.00,
  `tiempo_prod_min` decimal(10,2) DEFAULT 0.00,
  `tiempo_parada_min` decimal(10,2) DEFAULT 0.00,
  `tiempo_total_min` decimal(10,2) DEFAULT 0.00,
  `desperdicio_ml` decimal(12,2) DEFAULT 0.00,
  `desperdicio_kg` decimal(12,2) DEFAULT 0.00,
  `desperdicio_pct_kg` decimal(6,2) DEFAULT 0.00,
  `desperdicio_pct_ml` decimal(6,2) DEFAULT 0.00,
  `total_trabajos` int(11) DEFAULT 0,
  `tinta_blanco_kg` decimal(10,2) DEFAULT 0.00,
  `tinta_varias_kg` decimal(10,2) DEFAULT 0.00,
  `tinta_total_kg` decimal(10,2) DEFAULT 0.00,
  `vel_real_avg` decimal(8,2) DEFAULT 0.00,
  `vel_teorica_avg` decimal(8,2) DEFAULT 0.00,
  `created_at` timestamp NOT NULL DEFAULT current_timestamp(),
  `updated_at` timestamp NOT NULL DEFAULT current_timestamp() ON UPDATE current_timestamp()
) ENGINE=InnoDB DEFAULT CHARSET=utf8mb4 COLLATE=utf8mb4_general_ci;

--
-- Volcado de datos para la tabla `resumen_excel`
--

INSERT INTO `resumen_excel` (`id`, `maquina_id`, `mes`, `meta_kg`, `metros_ml`, `produccion_kg`, `tiempo_prod_min`, `tiempo_parada_min`, `tiempo_total_min`, `desperdicio_ml`, `desperdicio_kg`, `desperdicio_pct_kg`, `desperdicio_pct_ml`, `total_trabajos`, `tinta_blanco_kg`, `tinta_varias_kg`, `tinta_total_kg`, `vel_real_avg`, `vel_teorica_avg`, `created_at`, `updated_at`) VALUES
(1, 1, '2026-05', 6510.00, 151594.00, 4278.50, 1585.00, 30095.00, 31680.00, 6212.00, 278.08, 6.50, 4.10, 5, 0.00, 300.00, 300.00, 46.93, 95.63, '2026-06-18 13:34:34', '2026-06-18 13:37:30'),
(2, 2, '2026-05', 98992.00, 2018364.00, 59617.68, 11999.00, 19681.00, 31680.00, 202458.00, 5865.42, 9.84, 10.09, 50, 3543.00, 5338.00, 8881.00, 67.11, 168.21, '2026-06-18 13:37:11', '2026-06-18 13:37:37');

-- --------------------------------------------------------

--
-- Estructura de tabla para la tabla `roles`
--

CREATE TABLE `roles` (
  `id` int(11) NOT NULL,
  `nombre` varchar(50) NOT NULL
) ENGINE=InnoDB DEFAULT CHARSET=utf8mb4 COLLATE=utf8mb4_general_ci;

--
-- Volcado de datos para la tabla `roles`
--

INSERT INTO `roles` (`id`, `nombre`) VALUES
(1, 'admin'),
(4, 'editor'),
(2, 'operador'),
(3, 'visor');

-- --------------------------------------------------------

--
-- Estructura de tabla para la tabla `totales_paradas`
--

CREATE TABLE `totales_paradas` (
  `id` int(11) NOT NULL,
  `maquina_id` int(11) NOT NULL,
  `mes` varchar(7) NOT NULL,
  `motivo_id` int(11) NOT NULL,
  `total_minutos` decimal(10,2) DEFAULT 0.00,
  `created_at` timestamp NOT NULL DEFAULT current_timestamp(),
  `updated_at` timestamp NOT NULL DEFAULT current_timestamp() ON UPDATE current_timestamp()
) ENGINE=InnoDB DEFAULT CHARSET=utf8mb4 COLLATE=utf8mb4_general_ci;

--
-- Volcado de datos para la tabla `totales_paradas`
--

INSERT INTO `totales_paradas` (`id`, `maquina_id`, `mes`, `motivo_id`, `total_minutos`, `created_at`, `updated_at`) VALUES
(86, 1, '2026-05', 1, 770.00, '2026-06-18 13:34:34', '2026-06-18 13:34:34'),
(87, 1, '2026-05', 2, 105.00, '2026-06-18 13:34:34', '2026-06-18 13:34:34'),
(88, 1, '2026-05', 3, 95.00, '2026-06-18 13:34:34', '2026-06-18 13:34:34'),
(89, 1, '2026-05', 4, 160.00, '2026-06-18 13:34:34', '2026-06-18 13:34:34'),
(90, 1, '2026-05', 5, 75.00, '2026-06-18 13:34:34', '2026-06-18 13:34:34'),
(91, 1, '2026-05', 6, 0.00, '2026-06-18 13:34:34', '2026-06-18 13:34:34'),
(92, 1, '2026-05', 7, 0.00, '2026-06-18 13:34:34', '2026-06-18 13:34:34'),
(93, 1, '2026-05', 8, 130.00, '2026-06-18 13:34:34', '2026-06-18 13:34:34'),
(94, 1, '2026-05', 9, 50.00, '2026-06-18 13:34:34', '2026-06-18 13:34:34'),
(95, 1, '2026-05', 10, 80.00, '2026-06-18 13:34:34', '2026-06-18 13:34:34'),
(96, 1, '2026-05', 11, 30.00, '2026-06-18 13:34:34', '2026-06-18 13:34:34'),
(97, 1, '2026-05', 12, 100.00, '2026-06-18 13:34:34', '2026-06-18 13:34:34'),
(98, 1, '2026-05', 13, 90.00, '2026-06-18 13:34:34', '2026-06-18 13:34:34'),
(99, 1, '2026-05', 14, 0.00, '2026-06-18 13:34:34', '2026-06-18 13:34:34'),
(100, 1, '2026-05', 15, 0.00, '2026-06-18 13:34:34', '2026-06-18 13:34:34'),
(101, 1, '2026-05', 16, 0.00, '2026-06-18 13:34:34', '2026-06-18 13:34:34'),
(102, 1, '2026-05', 17, 60.00, '2026-06-18 13:34:34', '2026-06-18 13:34:34'),
(103, 1, '2026-05', 18, 28350.00, '2026-06-18 13:34:34', '2026-06-18 13:34:34'),
(104, 2, '2026-05', 1, 2970.00, '2026-06-18 13:37:11', '2026-06-18 13:37:11'),
(105, 2, '2026-05', 2, 1285.00, '2026-06-18 13:37:11', '2026-06-18 13:37:11'),
(106, 2, '2026-05', 3, 2670.00, '2026-06-18 13:37:11', '2026-06-18 13:37:11'),
(107, 2, '2026-05', 4, 950.00, '2026-06-18 13:37:11', '2026-06-18 13:37:11'),
(108, 2, '2026-05', 5, 3140.00, '2026-06-18 13:37:11', '2026-06-18 13:37:11'),
(109, 2, '2026-05', 6, 1210.00, '2026-06-18 13:37:11', '2026-06-18 13:37:11'),
(110, 2, '2026-05', 7, 30.00, '2026-06-18 13:37:11', '2026-06-18 13:37:11'),
(111, 2, '2026-05', 8, 1885.00, '2026-06-18 13:37:11', '2026-06-18 13:37:11'),
(112, 2, '2026-05', 9, 330.00, '2026-06-18 13:37:11', '2026-06-18 13:37:11'),
(113, 2, '2026-05', 10, 206.00, '2026-06-18 13:37:11', '2026-06-18 13:37:11'),
(114, 2, '2026-05', 11, 1960.00, '2026-06-18 13:37:11', '2026-06-18 13:37:11'),
(115, 2, '2026-05', 12, 335.00, '2026-06-18 13:37:11', '2026-06-18 13:37:11'),
(116, 2, '2026-05', 13, 275.00, '2026-06-18 13:37:11', '2026-06-18 13:37:11'),
(117, 2, '2026-05', 14, 325.00, '2026-06-18 13:37:11', '2026-06-18 13:37:11'),
(118, 2, '2026-05', 15, 1455.00, '2026-06-18 13:37:11', '2026-06-18 13:37:11'),
(119, 2, '2026-05', 16, 565.00, '2026-06-18 13:37:11', '2026-06-18 13:37:11'),
(120, 2, '2026-05', 17, 30.00, '2026-06-18 13:37:11', '2026-06-18 13:37:11'),
(121, 2, '2026-05', 18, 60.00, '2026-06-18 13:37:11', '2026-06-18 13:37:11');

-- --------------------------------------------------------

--
-- Estructura de tabla para la tabla `trabajos`
--

CREATE TABLE `trabajos` (
  `id` int(11) NOT NULL,
  `maquina_id` int(11) NOT NULL,
  `cliente_id` int(11) NOT NULL,
  `producto_id` int(11) NOT NULL,
  `destino_id` int(11) NOT NULL DEFAULT 1,
  `estado_id` int(11) NOT NULL DEFAULT 1,
  `numero_pedido` varchar(20) NOT NULL,
  `fecha` date NOT NULL,
  `meta_kg` decimal(10,2) DEFAULT 0.00,
  `produccion_kg` decimal(10,2) DEFAULT NULL,
  `metros_producidos` decimal(10,2) DEFAULT 0.00,
  `tiempo_produccion_min` int(11) DEFAULT 0,
  `tiempo_parada_total_min` int(11) DEFAULT 0,
  `tiempo_total_min` int(11) DEFAULT 0,
  `parada_limpieza_min` int(11) DEFAULT 0,
  `parada_pruebas_min` int(11) DEFAULT 0,
  `parada_insumo_min` int(11) DEFAULT 0,
  `observaciones` text DEFAULT NULL,
  `created_at` timestamp NOT NULL DEFAULT current_timestamp()
) ENGINE=InnoDB DEFAULT CHARSET=utf8mb4 COLLATE=utf8mb4_general_ci;

--
-- Volcado de datos para la tabla `trabajos`
--

INSERT INTO `trabajos` (`id`, `maquina_id`, `cliente_id`, `producto_id`, `destino_id`, `estado_id`, `numero_pedido`, `fecha`, `meta_kg`, `produccion_kg`, `metros_producidos`, `tiempo_produccion_min`, `tiempo_parada_total_min`, `tiempo_total_min`, `parada_limpieza_min`, `parada_pruebas_min`, `parada_insumo_min`, `observaciones`, `created_at`) VALUES
(57, 1, 7, 7, 1, 7, '01-6023', '2026-05-04', 0.00, 486.90, 25528.00, 635, 175, 810, 0, 0, 0, 'aplicación de compuesto deslizante para mjorar cof', '2026-06-08 14:45:57'),
(58, 1, 18, 26, 1, 6, '000pr', '2026-05-05', 0.00, NULL, 0.00, 80, 280, 360, 0, 100, 0, 'se realiza prueba con material de plastico el empaque y venefoil', '2026-06-08 14:45:57'),
(59, 1, 3, 84, 1, 2, '01-6083', '2026-05-06', 1160.00, 515.00, 33652.00, 280, 200, 480, 0, 0, 0, 'se pasa notificacion de falla por defecto en el fondo,', '2026-06-08 14:45:57'),
(60, 1, 7, 7, 1, 7, '01-6023', '2026-05-07', 0.00, 90.60, 4683.00, 65, 115, 180, 0, 0, 0, 'aplicación de compuesto deslizante para mjorar cof', '2026-06-08 14:45:57'),
(61, 1, 34, 85, 1, 2, '01-6121', '2026-05-07', 4500.00, 1340.00, 23400.00, 80, 220, 300, 0, 0, 0, 'se realiza produccion a 250 m/m', '2026-06-08 14:45:57'),
(62, 1, 3, 84, 1, 1, '01-6083', '2026-05-11', 0.00, 1058.00, 30531.00, 260, 280, 540, 0, 0, 0, 'aplicación de compuesto deslizante', '2026-06-08 14:45:57'),
(63, 1, 8, 86, 2, 2, '01-6133', '2026-05-20', 250.00, 258.00, 9800.00, 30, 315, 345, 0, 0, 0, 'Se culmina sin novedad', '2026-06-08 14:45:57'),
(64, 1, 8, 9, 2, 2, '01-6146', '2026-05-28', 600.00, 530.00, 24000.00, 153, 160, 313, 0, 0, 0, 'dpto de calidad hace prueba de anclaje encontrandose un poco deficiente, notifican a celoven autorizando el arranque', '2026-06-08 14:45:57'),
(65, 1, 9, 10, 3, 1, '000f', '2026-05-29', 0.00, NULL, 0.00, 0, 28350, 28350, 0, 0, 28350, 'falta de insumo y/o pedido', '2026-06-08 14:45:57'),
(514, 2, 27, 83, 1, 2, '01-6114', '2026-05-04', 3050.00, 2979.50, 31232.00, 245, 790, 1035, 0, 0, 0, 'al sacar muestra se nota falla de impresión en color magenta, se cambia base porta raclas, es necesario recalibrar por falla del sistema de temperatura single, falla de calibracion estac 9, se realiza produccion a 150 m/m', '2026-06-10 13:43:46'),
(515, 2, 27, 47, 1, 2, '01-6115', '2026-05-05', 3590.00, 3522.30, 33231.00, 330, 390, 720, 0, 0, 0, 'falla de impresión ejemplar lado guia de corte, se limpian en varias ocasiones las raclas', '2026-06-10 13:43:46'),
(516, 2, 28, 48, 1, 3, '01-6099', '2026-05-05', 370.00, 318.00, 3000.00, 30, 495, 525, 0, 0, 0, 'Aprobacion, se realizan varios ajustes del color gris,', '2026-06-10 13:43:46'),
(517, 2, 29, 111, 1, 2, '01-6091', '2026-05-05', 5000.00, 4371.20, 41396.00, 324, 106, 430, 0, 0, 0, 'se culmina sin novedad', '2026-06-10 13:43:47'),
(518, 2, 11, 112, 1, 2, '01-6116', '2026-05-06', 1800.00, 546.00, 29000.00, 176, 355, 531, 0, 0, 0, '30 kg en el cuadre, 22 kg de dsp por taponamiento de anilox', '2026-06-10 13:43:47'),
(519, 2, 30, 113, 1, 2, '01-6096', '2026-05-06', 500.00, 348.60, 14008.00, 80, 130, 210, 0, 0, 0, 'se sacan varias muestras para ajustar tono, se culmina sin novedad', '2026-06-10 13:43:47'),
(520, 2, 30, 52, 1, 2, '01-6093', '2026-05-06', 400.00, 228.00, 9750.00, 65, 120, 185, 0, 0, 0, 'Diseño combinado,  problemas con el verde trama ocasionada por secado de la tinta, se realiza produccion a 220 m/m', '2026-06-10 13:43:47'),
(521, 2, 30, 53, 1, 2, '01-6095', '2026-05-06', 400.00, 228.00, 9750.00, 65, 265, 330, 0, 0, 0, 'Diseño combinado,  problemas con el verde trama ocasionada por secado de la tinta, se realiza produccion a 220 m/m', '2026-06-10 13:43:47'),
(522, 2, 11, 114, 1, 4, '01-6117', '2026-05-06', 0.00, NULL, 0.00, 0, 230, 230, 0, 0, 0, 'se suspende trabajo debido a que habia combinacion de planchas nuevas con planchas viejas lo que genero diferencia de definicion de tramas y tonos', '2026-06-10 13:43:47'),
(523, 2, 31, 55, 2, 3, '01-6105', '2026-05-07', 3000.00, 3382.00, 110658.00, 589, 420, 1009, 0, 0, 0, 'Aprobacion, producto combinado, se realiza estandar de color,', '2026-06-10 13:43:47'),
(524, 2, 31, 56, 2, 2, '01-6106', '2026-05-07', 2000.00, 2251.10, 73655.00, 392, 415, 807, 0, 0, 0, 'Aprobacion, producto combinado, se realiza estandar de color,', '2026-06-10 13:43:47'),
(525, 2, 11, 114, 1, 2, '01-6117', '2026-05-08', 1700.00, 389.00, 19812.00, 155, 275, 430, 0, 0, 0, 'se repone bobina 3 de  140kg ya que presenta sucio en el color negro,', '2026-06-10 13:43:47'),
(526, 2, 5, 115, 2, 2, '01-6125', '2026-05-08', 850.00, 795.10, 34633.00, 240, 335, 575, 0, 0, 0, 'defecto en plancha color amarillo genera 22 kg de dsp, primera bobina sale con un tono amarillo fuerte pero dentro del estandar, se limpia color negro en varias ocasiones', '2026-06-10 13:43:47'),
(527, 2, 6, 6, 1, 5, '000lm', '2026-05-08', 0.00, NULL, 0.00, 0, 420, 420, 420, 0, 0, 'Se realiza limpieza general de maquina', '2026-06-10 13:43:47'),
(528, 2, 5, 29, 2, 2, '01-6126', '2026-05-08', 1010.00, 1000.30, 43900.00, 285, 385, 670, 0, 0, 0, 'se observa fuera de registros en corte 8,9,10,11, sucio de color negro,', '2026-06-10 13:43:47'),
(529, 2, 5, 58, 2, 2, '01-6124', '2026-05-11', 540.00, 542.80, 23265.00, 130, 245, 375, 0, 0, 0, 'tonalidad de azul rey muy baja, paradas para limpiar color negro, 0', '2026-06-10 13:43:47'),
(530, 2, 5, 12, 2, 2, '01-6123', '2026-05-12', 540.00, 507.00, 21534.00, 125, 295, 420, 0, 0, 0, 'se arranca con notificacion de falla por sombra en el texto, se compensan registros, sucio en trama color violeta', '2026-06-10 13:43:47'),
(531, 2, 5, 59, 2, 2, '01-6122', '2026-05-12', 530.00, 481.80, 22374.00, 195, 865, 1060, 0, 0, 0, 'copiado del color gris plata oscuro, se cambia de estacion , se cambian raclas, se lava anilox, se realizan varias pruebas con velocidad, se enjuagan bombas, se arranca con notificacion de falla', '2026-06-10 13:43:47'),
(532, 2, 44, 116, 1, 2, '11-0130', '2026-05-13', 4528.00, 2445.50, 111731.00, 725, 615, 1340, 0, 0, 0, 'se realiza produccion a 180 m/m ya que a mayor velocidad se nota golpeteo del color marron C.B, se realiza limpieza por sucio en el blanco y los dos marrones, problemas de rayas en anilox', '2026-06-10 13:43:47'),
(533, 2, 33, 61, 1, 3, '01-6132', '2026-05-14', 260.00, 130.70, 7824.00, 35, 415, 450, 0, 0, 0, 'Aprobacion, se reaoiza estandar de color', '2026-06-10 13:43:47'),
(534, 2, 18, 26, 1, 6, '000pr', '2026-05-14', 0.00, 43.98, 2000.00, 0, 500, 500, 0, 195, 0, 'Produccion para aprobar estandar,', '2026-06-10 13:43:47'),
(535, 2, 17, 62, 1, 2, '21-0571', '2026-05-14', 1100.00, 223.70, 13806.00, 80, 180, 260, 0, 0, 0, 'se culmina sin novedad', '2026-06-10 13:43:47'),
(536, 2, 17, 25, 1, 1, '21-0553', '2026-05-14', 1100.00, 253.50, 11325.00, 60, 40, 100, 0, 0, 0, 'se culmina sin novedad', '2026-06-10 13:43:47'),
(537, 2, 6, 6, 1, 5, '000lm', '2026-05-14', 0.00, NULL, 0.00, 0, 260, 260, 260, 0, 0, 'Se realiza limpieza general de maquina', '2026-06-10 13:43:47'),
(538, 2, 17, 63, 1, 2, '21-0576', '2026-05-18', 830.00, 174.10, 7903.00, 40, 360, 400, 0, 0, 0, 'se realiza estandar claro y oscuro', '2026-06-10 13:43:47'),
(539, 2, 17, 63, 1, 2, '21-0574', '2026-05-18', 850.00, 180.00, 8250.00, 40, 120, 160, 0, 0, 0, 'se realiza estandar de colores', '2026-06-10 13:43:47'),
(540, 2, 44, 117, 1, 2, '11-0138', '2026-05-18', 2200.00, 325.00, 16000.00, 80, 180, 260, 0, 0, 0, 'se culmina sin novedad', '2026-06-10 13:43:47'),
(541, 2, 17, 65, 1, 2, '21-0551', '2026-05-18', 2400.00, 465.80, 21260.00, 117, 503, 620, 0, 0, 0, 'se realizan paradas para limpiar colo negro, marron y magenta ya que las mismas presentan desgaste y generan abundante sucio en impresión', '2026-06-10 13:43:47'),
(542, 2, 44, 118, 1, 2, '11-0133', '2026-05-19', 1100.00, 274.80, 14581.00, 100, 248, 348, 0, 0, 0, 'se arranca produccion a 180 m/m por golpeteo del color magenta, problemas con energia electrica genera 60 min de paradas, se rompe el material, ensucia el tambor central, en necesario volver a caibrar y registrar', '2026-06-10 13:43:47'),
(543, 2, 44, 119, 1, 2, '11-0137', '2026-05-19', 1100.00, 274.80, 14581.00, 100, 232, 332, 0, 0, 0, 'se arranca produccion a 180 m/m por golpeteo del color magenta, problemas con energia electrica genera 60 min de paradas, se rompe el material, ensucia el tambor central, en necesario volver a caibrar y registrar', '2026-06-10 13:43:47'),
(544, 2, 11, 120, 1, 2, '01-6000', '2026-05-19', 2200.00, 616.60, 47599.00, 250, 305, 555, 50, 0, 0, 'problemas de sucio color negro,', '2026-06-10 13:43:47'),
(545, 2, 11, 121, 1, 2, '01-6001', '2026-05-20', 1600.00, 451.00, 35680.00, 181, 285, 466, 0, 0, 0, 'defecto en plancha color negro, se sacan varias muestras , se realiza plancha nueva', '2026-06-10 13:43:47'),
(546, 2, 11, 122, 1, 2, '01-6138', '2026-05-20', 3500.00, 690.00, 38300.00, 205, 255, 460, 0, 120, 0, 'limpieza de plancha color negro y rojo, se realiza estandar de colores', '2026-06-10 13:43:47'),
(547, 2, 11, 114, 1, 2, '01-6002', '2026-05-20', 1000.00, 319.00, 23900.00, 120, 205, 325, 0, 0, 0, 'se cambia anilox del negro para incrementar tono', '2026-06-10 13:43:47'),
(548, 2, 11, 123, 1, 2, '01-6004', '2026-05-20', 1600.00, 463.30, 35099.00, 250, 280, 530, 0, 0, 0, 'se arranca produccion a 220 m/m pero es necesario bajar velocidad por golpeteo del color magenta, rayas en impresionbob 4 generadas por anilox, s baja  para lavar en floxowash', '2026-06-10 13:43:47'),
(549, 2, 11, 124, 1, 3, '01-5996', '2026-05-21', 950.00, 260.20, 19847.00, 120, 250, 370, 0, 0, 0, 'Aprobacion, se arranca produccion a 200 m/m ya que a mayor velocidad falla el flujo del color verde , se realiza estandar de color', '2026-06-10 13:43:47'),
(550, 2, 11, 125, 1, 2, '01-5997', '2026-05-21', 700.00, 207.00, 15400.00, 95, 45, 140, 0, 0, 0, 'se culmina sin novedad', '2026-06-10 13:43:47'),
(551, 2, 33, 61, 1, 2, '01-6132', '2026-05-21', 650.00, 614.30, 35422.00, 199, 165, 364, 0, 0, 0, 'se arranc produccion a 250 m/m pero es necesario bajar velocidad a 200m/m por falla de flujo', '2026-06-10 13:43:47'),
(552, 2, 5, 73, 2, 2, '01-6136', '2026-05-21', 500.00, 536.00, 23653.00, 130, 250, 380, 0, 0, 0, 'se culmina sin novedad', '2026-06-10 13:43:47'),
(553, 2, 5, 74, 2, 2, '01-6127', '2026-05-22', 1700.00, 1748.60, 79200.00, 460, 720, 1180, 0, 0, 0, 'Aprobacion, se realiza plancha nueva de color azul fondo para dar contraste que se ve en el arte, se ven los ptos demasiados cargado por lo que se monta la plancha anterior se aprueba y arranca produccion.', '2026-06-10 13:43:47'),
(554, 2, 5, 74, 2, 2, '01-6129', '2026-05-22', 1050.00, 1043.40, 49294.00, 285, 130, 415, 0, 0, 0, 'se limpian planchas de color negro. Se culmina sin novedad', '2026-06-10 13:43:47'),
(555, 2, 5, 74, 2, 2, '01-6130', '2026-05-23', 1100.00, 1163.50, 52989.00, 310, 235, 545, 0, 0, 0, 'vacio en impresión azulmfonod se realizan varias prueba se estabiliza y se culmina sin mas novedad', '2026-06-10 13:43:47'),
(556, 2, 5, 75, 2, 3, '01-6131', '2026-05-23', 1400.00, 1393.60, 68000.00, 335, 195, 530, 0, 0, 0, 'problemas de sucio color negro, se limpia plancha, se cambia racla.', '2026-06-10 13:43:47'),
(557, 2, 5, 75, 2, 2, '01-6128', '2026-05-23', 2200.00, 2282.00, 105370.00, 586, 70, 656, 0, 0, 0, 'problemas de sucio color negro, se limpia plancha, se cambia racla.', '2026-06-10 13:43:47'),
(558, 2, 44, 126, 1, 2, '11-0131', '2026-05-24', 8550.00, 3424.90, 157040.00, 889, 1192, 2081, 0, 0, 0, 'golpeteo color beige se ajustan condiciones, se arranca produccion a 200 m/m ya que a mayor velocidad falla color beige, esta situacion genera 2000 m de dsp, franjas y porosidad en el color marron en todos los ejemplares, probelas de eneria electrica daña plancha color marrn pr lo que es necesario volver a grabar,', '2026-06-10 13:43:47'),
(559, 2, 44, 127, 1, 2, '11-0132', '2026-05-25', 2400.00, 977.00, 65769.00, 415, 350, 765, 0, 0, 0, 'Problemas con materia prima se observan vacuolas se cambia bobinas en dos ocasiones, se cambia de material a 760*20, sucio color marron, produccion sale incompleta por falta de material', '2026-06-10 13:43:47'),
(560, 2, 44, 128, 1, 2, '11-0136', '2026-05-26', 1100.00, 453.00, 32600.00, 160, 365, 525, 0, 0, 0, 'se realizan varios ajustes de los colores marron vino y vinotinto, porosidad color marron vino, se arranca con notificacion de falla por esta situacion, se realiza plancha nueva', '2026-06-10 13:43:47'),
(561, 2, 44, 129, 1, 2, '11-0134', '2026-05-26', 2200.00, 1186.00, 57556.00, 271, 105, 376, 0, 0, 0, 'se ajustan tons de color marron vinotinto y vinotinto', '2026-06-10 13:43:47'),
(562, 2, 44, 130, 1, 2, '11-0135', '2026-05-26', 2800.00, 1080.00, 52400.00, 316, 160, 476, 0, 0, 0, 'dirante la bob 1 se compensan registros del color negro vinotinto u marron vino', '2026-06-10 13:43:47'),
(563, 2, 1, 81, 1, 3, '21-0585', '2026-05-27', 2800.00, 1503.00, 68600.00, 341, 630, 971, 0, 0, 0, 'Aprobacion, se sacan varias muestras hasta lograr el tono requerido por el cliente, se arranca a 300 m/m luego de 400 m se observa tono de la galleta mas fuerte y fondo mas bajo, luego de la 1era bobina vuelve a bajar el tono del fondo por anilox tapado, se cambia anilox, problemas por fallo de disolvente en varias  ocasiones', '2026-06-10 13:43:47'),
(564, 2, 22, 42, 1, 2, '01-5940', '2026-05-27', 310.00, 96.00, 5000.00, 50, 325, 375, 0, 0, 0, 'copiado del color marron sobre si mismo se recalibra en varias ocasiones, se baja produccion, se baja trabajo para montar aprobacion de first', '2026-06-10 13:43:47'),
(565, 2, 33, 131, 1, 3, '01-6087', '2026-05-28', 790.00, 425.20, 24500.00, 136, 245, 381, 0, 0, 0, 'Aprobacion, se compensan registros, se arranca produccion a 200 m/m por falla de flujo', '2026-06-10 13:43:47'),
(566, 2, 22, 42, 1, 1, '01-5940', '2026-05-28', 884.00, 269.50, 14000.00, 90, 10, 100, 0, 0, 0, 'se culmina sin novedad', '2026-06-10 13:43:47'),
(567, 2, 18, 26, 1, 6, '000pr', '2026-05-28', 0.00, NULL, 0.00, 10, 30, 40, 0, 20, 0, 'Se realiza prueba de de sachet ketchup salsabor 9g', '2026-06-10 13:43:47'),
(568, 2, 27, 83, 1, 2, '01-6142', '2026-05-28', 12000.00, 10716.00, 111790.00, 705, 520, 1225, 0, 0, 0, 'se realiza pancha delamarillo por incremento de trama en el color amarillo, se realiza produccion a 150 m/m', '2026-06-10 13:43:47'),
(569, 2, 6, 6, 1, 5, '000lm', '2026-05-29', 0.00, NULL, 0.00, 0, 480, 480, 480, 0, 0, 'limpieza general de maquina', '2026-06-10 13:43:47');

-- --------------------------------------------------------

--
-- Estructura de tabla para la tabla `turnos`
--

CREATE TABLE `turnos` (
  `id` int(11) NOT NULL,
  `nombre` varchar(10) NOT NULL
) ENGINE=InnoDB DEFAULT CHARSET=utf8mb4 COLLATE=utf8mb4_general_ci;

--
-- Volcado de datos para la tabla `turnos`
--

INSERT INTO `turnos` (`id`, `nombre`) VALUES
(1, 'A'),
(2, 'B'),
(3, 'C');

-- --------------------------------------------------------

--
-- Estructura de tabla para la tabla `tvs`
--

CREATE TABLE `tvs` (
  `id` int(11) NOT NULL,
  `uid` varchar(100) DEFAULT NULL,
  `empresa_id` int(11) NOT NULL,
  `departamento_id` int(11) NOT NULL,
  `maquina_id` int(11) DEFAULT NULL,
  `informacion` text DEFAULT NULL,
  `ip_address` varchar(45) DEFAULT NULL,
  `estado_conexion` enum('online','offline') DEFAULT 'offline'
) ENGINE=InnoDB DEFAULT CHARSET=utf8mb4 COLLATE=utf8mb4_general_ci;

--
-- Volcado de datos para la tabla `tvs`
--

INSERT INTO `tvs` (`id`, `uid`, `empresa_id`, `departamento_id`, `maquina_id`, `informacion`, `ip_address`, `estado_conexion`) VALUES
(57, 'TV-I47WMQI', 2, 2, 1, 'TV Display - TV-I47WMQI', '192.168.1.112', 'offline');

-- --------------------------------------------------------

--
-- Estructura de tabla para la tabla `usuarios`
--

CREATE TABLE `usuarios` (
  `id` int(11) NOT NULL,
  `nombre` varchar(50) NOT NULL,
  `apellido` varchar(50) NOT NULL,
  `correo` varchar(100) NOT NULL,
  `password` varchar(255) NOT NULL,
  `empresa_id` int(11) NOT NULL,
  `departamento_id` int(11) NOT NULL,
  `rol_id` int(11) NOT NULL,
  `created_at` timestamp NOT NULL DEFAULT current_timestamp()
) ENGINE=InnoDB DEFAULT CHARSET=utf8mb4 COLLATE=utf8mb4_general_ci;

--
-- Volcado de datos para la tabla `usuarios`
--

INSERT INTO `usuarios` (`id`, `nombre`, `apellido`, `correo`, `password`, `empresa_id`, `departamento_id`, `rol_id`, `created_at`) VALUES
(1, 'klay', 'Mireles', 'klay@gmail.com', '$2a$10$H8XnPHEtBeeVi9Yc.H3Bi.lQ0NhdKKwowPD7WfXnI7ytfQNin8VU6', 2, 2, 1, '2026-05-04 18:20:12'),
(14, 'admin', '01', 'admin@curex.com', '$2a$10$6GtRrIBXuNsZB7/Nl.XzY.izcbEj46UlSgVTztoQdzOiA5JXvn42i', 2, 8, 1, '2026-06-17 13:22:26'),
(15, 'operador', '01', 'operador@curex.com', '$2a$10$xdP0fXjWQM1CAtD6YyjSruNji1TCrQj3li0mmNhF2vYsiM40m4ouS', 2, 8, 2, '2026-06-17 13:23:17'),
(16, 'editor', '01', 'editor@curex.com', '$2a$10$3i4lQRXwI2YWBOVE.zzjwuZHfWcPAzsC0ti8H.bEMCuYH09tkWx4S', 2, 8, 4, '2026-06-17 13:25:12'),
(17, 'visor', '01', 'visor@curex.com', '$2a$10$Y6/XmFckP.u9ptPSpa/46uFjlqxxkHXKlkbnwkapjEvzoUKkPoOum', 2, 8, 3, '2026-06-17 13:33:33');

-- --------------------------------------------------------

--
-- Estructura de tabla para la tabla `velocidad`
--

CREATE TABLE `velocidad` (
  `id` int(11) NOT NULL,
  `maquina_id` int(11) NOT NULL,
  `trabajo_id` int(11) DEFAULT NULL,
  `turno_id` int(11) NOT NULL DEFAULT 1,
  `fecha` date NOT NULL,
  `velocidad_teorica_mlmin` decimal(8,2) DEFAULT NULL,
  `velocidad_real_mlmin` decimal(8,2) DEFAULT NULL,
  `observaciones` text DEFAULT NULL,
  `created_at` timestamp NOT NULL DEFAULT current_timestamp()
) ENGINE=InnoDB DEFAULT CHARSET=utf8mb4 COLLATE=utf8mb4_general_ci;

--
-- Volcado de datos para la tabla `velocidad`
--

INSERT INTO `velocidad` (`id`, `maquina_id`, `trabajo_id`, `turno_id`, `fecha`, `velocidad_teorica_mlmin`, `velocidad_real_mlmin`, `observaciones`, `created_at`) VALUES
(456, 1, 527, 1, '2026-05-04', 40.18, 31.50, NULL, '2026-06-04 13:28:38'),
(1815, 1, 57, 1, '2026-05-04', 40.18, 31.50, NULL, '2026-06-18 13:34:34'),
(1816, 1, 59, 1, '2026-05-06', 120.10, 70.08, NULL, '2026-06-18 13:34:34'),
(1817, 1, 60, 1, '2026-05-07', 71.61, 25.96, NULL, '2026-06-18 13:34:34'),
(1818, 1, 61, 1, '2026-05-07', 291.04, 77.90, NULL, '2026-06-18 13:34:34'),
(1819, 1, 62, 1, '2026-05-11', 117.25, 56.50, NULL, '2026-06-18 13:34:34'),
(1820, 1, 63, 1, '2026-05-20', 326.67, 28.41, NULL, '2026-06-18 13:34:34'),
(1821, 1, 64, 1, '2026-05-28', 156.86, 76.68, NULL, '2026-06-18 13:34:34'),
(1822, 2, 514, 1, '2026-05-04', 127.27, 30.16, NULL, '2026-06-18 13:37:10'),
(1823, 2, 515, 1, '2026-05-05', 100.70, 46.15, NULL, '2026-06-18 13:37:10'),
(1824, 2, 516, 1, '2026-05-05', 100.00, 5.71, NULL, '2026-06-18 13:37:10'),
(1825, 2, 517, 1, '2026-05-05', 127.77, 96.27, NULL, '2026-06-18 13:37:10'),
(1826, 2, 518, 1, '2026-05-06', 165.15, 54.66, NULL, '2026-06-18 13:37:10'),
(1827, 2, 519, 1, '2026-05-06', 175.54, 66.77, NULL, '2026-06-18 13:37:10'),
(1828, 2, 520, 1, '2026-05-06', 149.77, 52.67, NULL, '2026-06-18 13:37:10'),
(1829, 2, 521, 1, '2026-05-06', 149.77, 29.54, NULL, '2026-06-18 13:37:10'),
(1830, 2, 523, 1, '2026-05-07', 188.00, 109.71, NULL, '2026-06-18 13:37:10'),
(1831, 2, 524, 1, '2026-05-07', 187.70, 91.22, NULL, '2026-06-18 13:37:10'),
(1832, 2, 525, 1, '2026-05-08', 127.49, 46.03, NULL, '2026-06-18 13:37:10'),
(1833, 2, 526, 1, '2026-05-08', 144.30, 60.23, NULL, '2026-06-18 13:37:11'),
(1834, 2, 528, 1, '2026-05-08', 154.04, 65.52, NULL, '2026-06-18 13:37:11'),
(1835, 2, 529, 1, '2026-05-11', 178.69, 62.01, NULL, '2026-06-18 13:37:11'),
(1836, 2, 530, 1, '2026-05-12', 171.72, 51.22, NULL, '2026-06-18 13:37:11'),
(1837, 2, 531, 1, '2026-05-12', 114.74, 21.11, NULL, '2026-06-18 13:37:11'),
(1838, 2, 532, 1, '2026-05-13', 154.03, 83.36, NULL, '2026-06-18 13:37:11'),
(1839, 2, 533, 1, '2026-05-14', 221.02, 17.37, NULL, '2026-06-18 13:37:11'),
(1840, 2, 534, 1, '2026-05-14', NULL, 4.00, NULL, '2026-06-18 13:37:11'),
(1841, 2, 535, 1, '2026-05-14', 173.01, 53.14, NULL, '2026-06-18 13:37:11'),
(1843, 2, 536, 1, '2026-05-14', 188.75, 113.25, NULL, '2026-06-18 13:37:11'),
(1844, 2, 538, 1, '2026-05-18', 199.57, 19.78, NULL, '2026-06-18 13:37:11'),
(1845, 2, 539, 1, '2026-05-18', 208.33, 51.69, NULL, '2026-06-18 13:37:11'),
(1846, 2, 540, 1, '2026-05-18', 200.50, 61.59, NULL, '2026-06-18 13:37:11'),
(1847, 2, 541, 1, '2026-05-18', 181.71, 34.29, NULL, '2026-06-18 13:37:11'),
(1848, 2, 542, 1, '2026-05-19', 145.52, 41.88, NULL, '2026-06-18 13:37:11'),
(1849, 2, 543, 1, '2026-05-19', 145.52, 43.89, NULL, '2026-06-18 13:37:11'),
(1850, 2, 544, 1, '2026-05-19', 190.70, 85.83, NULL, '2026-06-18 13:37:11'),
(1851, 2, 545, 1, '2026-05-20', 197.56, 76.63, NULL, '2026-06-18 13:37:11'),
(1852, 2, 546, 1, '2026-05-20', 186.65, 83.22, NULL, '2026-06-18 13:37:11'),
(1853, 2, 547, 1, '2026-05-20', 199.17, 73.54, NULL, '2026-06-18 13:37:11'),
(1854, 2, 548, 1, '2026-05-20', 140.28, 66.20, NULL, '2026-06-18 13:37:11'),
(1855, 2, 549, 1, '2026-05-21', 165.39, 53.64, NULL, '2026-06-18 13:37:11'),
(1856, 2, 550, 1, '2026-05-21', 162.45, 110.16, NULL, '2026-06-18 13:37:11'),
(1857, 2, 551, 1, '2026-05-21', 177.82, 97.26, NULL, '2026-06-18 13:37:11'),
(1858, 2, 552, 1, '2026-05-21', 181.67, 62.21, NULL, '2026-06-18 13:37:11'),
(1859, 2, 553, 1, '2026-05-22', 172.10, 67.11, NULL, '2026-06-18 13:37:11'),
(1860, 2, 554, 1, '2026-05-22', 172.96, 118.78, NULL, '2026-06-18 13:37:11'),
(1861, 2, 555, 1, '2026-05-23', 170.82, 97.19, NULL, '2026-06-18 13:37:11'),
(1862, 2, 556, 1, '2026-05-23', 202.74, 128.21, NULL, '2026-06-18 13:37:11'),
(1863, 2, 557, 1, '2026-05-23', 179.75, 160.58, NULL, '2026-06-18 13:37:11'),
(1864, 2, 558, 1, '2026-05-24', 176.61, 75.46, NULL, '2026-06-18 13:37:11'),
(1865, 2, 559, 1, '2026-05-25', 158.40, 85.95, NULL, '2026-06-18 13:37:11'),
(1866, 2, 560, 1, '2026-05-26', 203.50, 62.07, NULL, '2026-06-18 13:37:11'),
(1867, 2, 561, 1, '2026-05-26', 212.70, 153.24, NULL, '2026-06-18 13:37:11'),
(1868, 2, 562, 1, '2026-05-26', 166.03, 110.18, NULL, '2026-06-18 13:37:11'),
(1869, 2, 563, 1, '2026-05-27', 201.29, 70.66, NULL, '2026-06-18 13:37:11'),
(1870, 2, 564, 1, '2026-05-27', 99.21, 13.32, NULL, '2026-06-18 13:37:11'),
(1871, 2, 565, 1, '2026-05-28', 180.68, 64.37, NULL, '2026-06-18 13:37:11'),
(1873, 2, 566, 1, '2026-05-28', 155.56, 140.00, NULL, '2026-06-18 13:37:11'),
(1874, 2, 568, 1, '2026-05-28', 158.57, 91.26, NULL, '2026-06-18 13:37:11');

-- --------------------------------------------------------

--
-- Estructura Stand-in para la vista `vista_gestion_general`
-- (Véase abajo para la vista actual)
--
CREATE TABLE `vista_gestion_general` (
`maquina` varchar(50)
,`empresa` varchar(100)
,`cliente` varchar(200)
,`producto` varchar(255)
,`numero_pedido` varchar(20)
,`meta_kg` decimal(10,2)
,`metros_producidos` decimal(10,2)
,`porcentaje_avance` decimal(16,2)
,`tiempo_produccion_min` int(11)
,`tiempo_parada_total_min` int(11)
,`estado_actual` varchar(50)
,`velocidad_real_mlmin` decimal(8,2)
,`velocidad_teorica_mlmin` decimal(8,2)
);

-- --------------------------------------------------------

--
-- Estructura Stand-in para la vista `v_paradas_hoy`
-- (Véase abajo para la vista actual)
--
CREATE TABLE `v_paradas_hoy` (
`motivo` varchar(100)
,`tipo_parada` enum('programada','no_programada')
,`total_minutos` decimal(32,0)
,`cantidad_ocurrencias` bigint(21)
);

-- --------------------------------------------------------

--
-- Estructura Stand-in para la vista `v_produccion_hoy`
-- (Véase abajo para la vista actual)
--
CREATE TABLE `v_produccion_hoy` (
`maquina` varchar(50)
,`metros_totales` decimal(32,2)
,`minutos_produccion` decimal(32,0)
,`minutos_parada` decimal(32,0)
,`eficiencia_porcentaje` decimal(37,1)
);

-- --------------------------------------------------------

--
-- Estructura para la vista `vista_gestion_general`
--
DROP TABLE IF EXISTS `vista_gestion_general`;

CREATE ALGORITHM=UNDEFINED DEFINER=`root`@`localhost` SQL SECURITY DEFINER VIEW `vista_gestion_general`  AS SELECT `m`.`nombre` AS `maquina`, `e`.`nombre` AS `empresa`, `c`.`nombre` AS `cliente`, `p`.`nombre` AS `producto`, `t`.`numero_pedido` AS `numero_pedido`, `t`.`meta_kg` AS `meta_kg`, `t`.`metros_producidos` AS `metros_producidos`, round(`t`.`metros_producidos` / nullif(`t`.`meta_kg` * 10,0) * 100,2) AS `porcentaje_avance`, `t`.`tiempo_produccion_min` AS `tiempo_produccion_min`, `t`.`tiempo_parada_total_min` AS `tiempo_parada_total_min`, `est`.`nombre` AS `estado_actual`, `v`.`velocidad_real_mlmin` AS `velocidad_real_mlmin`, `v`.`velocidad_teorica_mlmin` AS `velocidad_teorica_mlmin` FROM ((((((`trabajos` `t` join `maquinas` `m` on(`t`.`maquina_id` = `m`.`id`)) join `empresas` `e` on(`m`.`empresa_id` = `e`.`id`)) join `clientes` `c` on(`t`.`cliente_id` = `c`.`id`)) join `productos` `p` on(`t`.`producto_id` = `p`.`id`)) join `estados_trabajo` `est` on(`t`.`estado_id` = `est`.`id`)) left join `velocidad` `v` on(`t`.`id` = `v`.`trabajo_id`)) WHERE `t`.`fecha` = curdate() ;

-- --------------------------------------------------------

--
-- Estructura para la vista `v_paradas_hoy`
--
DROP TABLE IF EXISTS `v_paradas_hoy`;

CREATE ALGORITHM=UNDEFINED DEFINER=`root`@`localhost` SQL SECURITY DEFINER VIEW `v_paradas_hoy`  AS SELECT `mp`.`nombre` AS `motivo`, `mp`.`tipo` AS `tipo_parada`, sum(`pt`.`minutos`) AS `total_minutos`, count(`pt`.`id`) AS `cantidad_ocurrencias` FROM ((`paradas_trabajo` `pt` join `motivos_parada` `mp` on(`pt`.`motivo_id` = `mp`.`id`)) join `trabajos` `t` on(`pt`.`trabajo_id` = `t`.`id`)) WHERE `t`.`fecha` = curdate() GROUP BY `mp`.`nombre`, `mp`.`tipo` ORDER BY sum(`pt`.`minutos`) DESC ;

-- --------------------------------------------------------

--
-- Estructura para la vista `v_produccion_hoy`
--
DROP TABLE IF EXISTS `v_produccion_hoy`;

CREATE ALGORITHM=UNDEFINED DEFINER=`root`@`localhost` SQL SECURITY DEFINER VIEW `v_produccion_hoy`  AS SELECT `m`.`nombre` AS `maquina`, sum(`t`.`metros_producidos`) AS `metros_totales`, sum(`t`.`tiempo_produccion_min`) AS `minutos_produccion`, sum(`t`.`tiempo_parada_total_min`) AS `minutos_parada`, round(sum(`t`.`tiempo_produccion_min`) / nullif(sum(`t`.`tiempo_total_min`),0) * 100,1) AS `eficiencia_porcentaje` FROM (`trabajos` `t` join `maquinas` `m` on(`t`.`maquina_id` = `m`.`id`)) WHERE `t`.`fecha` = curdate() GROUP BY `m`.`nombre` ;

--
-- Índices para tablas volcadas
--

--
-- Indices de la tabla `clientes`
--
ALTER TABLE `clientes`
  ADD PRIMARY KEY (`id`),
  ADD KEY `fk_cliente_empresa` (`empresa_id`);

--
-- Indices de la tabla `departamentos`
--
ALTER TABLE `departamentos`
  ADD PRIMARY KEY (`id`),
  ADD UNIQUE KEY `uk_depto_nombre` (`nombre`);

--
-- Indices de la tabla `desperdicios`
--
ALTER TABLE `desperdicios`
  ADD PRIMARY KEY (`id`),
  ADD KEY `fk_desp_maquina` (`maquina_id`),
  ADD KEY `fk_desp_trabajo` (`trabajo_id`);

--
-- Indices de la tabla `destinos`
--
ALTER TABLE `destinos`
  ADD PRIMARY KEY (`id`),
  ADD UNIQUE KEY `uk_destino_nombre` (`nombre`);

--
-- Indices de la tabla `empresas`
--
ALTER TABLE `empresas`
  ADD PRIMARY KEY (`id`),
  ADD UNIQUE KEY `uk_empresa_nombre` (`nombre`);

--
-- Indices de la tabla `estados_trabajo`
--
ALTER TABLE `estados_trabajo`
  ADD PRIMARY KEY (`id`),
  ADD UNIQUE KEY `uk_estado_nombre` (`nombre`);

--
-- Indices de la tabla `informacion_diaria`
--
ALTER TABLE `informacion_diaria`
  ADD PRIMARY KEY (`id`),
  ADD KEY `fk_info_empresa` (`empresa_id`);

--
-- Indices de la tabla `logs_actividad`
--
ALTER TABLE `logs_actividad`
  ADD PRIMARY KEY (`id`),
  ADD KEY `fk_log_usuario` (`usuario_id`);

--
-- Indices de la tabla `maquinas`
--
ALTER TABLE `maquinas`
  ADD PRIMARY KEY (`id`),
  ADD KEY `fk_maquina_empresa` (`empresa_id`);

--
-- Indices de la tabla `metas_parada`
--
ALTER TABLE `metas_parada`
  ADD PRIMARY KEY (`id`),
  ADD UNIQUE KEY `uk_maquina_mes_motivo` (`maquina_id`,`mes`,`motivo_id`);

--
-- Indices de la tabla `motivos_parada`
--
ALTER TABLE `motivos_parada`
  ADD PRIMARY KEY (`id`),
  ADD UNIQUE KEY `uk_motivo_nombre` (`nombre`);

--
-- Indices de la tabla `paradas_trabajo`
--
ALTER TABLE `paradas_trabajo`
  ADD PRIMARY KEY (`id`),
  ADD KEY `fk_pt_trabajo` (`trabajo_id`),
  ADD KEY `fk_pt_motivo` (`motivo_id`),
  ADD KEY `uk_parada_trabajo_motivo` (`trabajo_id`,`motivo_id`);

--
-- Indices de la tabla `produccion_informativa`
--
ALTER TABLE `produccion_informativa`
  ADD PRIMARY KEY (`id`),
  ADD KEY `fk_prod_info_empresa` (`empresa_id`),
  ADD KEY `fk_prod_info_maquina` (`maquina_id`);

--
-- Indices de la tabla `productos`
--
ALTER TABLE `productos`
  ADD PRIMARY KEY (`id`),
  ADD KEY `fk_producto_cliente` (`cliente_id`);

--
-- Indices de la tabla `resumen_excel`
--
ALTER TABLE `resumen_excel`
  ADD PRIMARY KEY (`id`),
  ADD UNIQUE KEY `uk_maquina_mes` (`maquina_id`,`mes`);

--
-- Indices de la tabla `roles`
--
ALTER TABLE `roles`
  ADD PRIMARY KEY (`id`),
  ADD UNIQUE KEY `uk_rol_nombre` (`nombre`);

--
-- Indices de la tabla `totales_paradas`
--
ALTER TABLE `totales_paradas`
  ADD PRIMARY KEY (`id`),
  ADD UNIQUE KEY `uk_maquina_mes_motivo` (`maquina_id`,`mes`,`motivo_id`);

--
-- Indices de la tabla `trabajos`
--
ALTER TABLE `trabajos`
  ADD PRIMARY KEY (`id`),
  ADD UNIQUE KEY `uk_pedido_maquina_fecha` (`numero_pedido`,`maquina_id`,`fecha`),
  ADD KEY `fk_trab_maquina` (`maquina_id`),
  ADD KEY `fk_trab_cliente` (`cliente_id`),
  ADD KEY `fk_trab_producto` (`producto_id`),
  ADD KEY `fk_trab_destino` (`destino_id`),
  ADD KEY `fk_trab_estado` (`estado_id`);

--
-- Indices de la tabla `turnos`
--
ALTER TABLE `turnos`
  ADD PRIMARY KEY (`id`),
  ADD UNIQUE KEY `uk_turno_nombre` (`nombre`);

--
-- Indices de la tabla `tvs`
--
ALTER TABLE `tvs`
  ADD PRIMARY KEY (`id`),
  ADD UNIQUE KEY `uid` (`uid`),
  ADD KEY `fk_tv_empresa` (`empresa_id`),
  ADD KEY `fk_tv_depto` (`departamento_id`),
  ADD KEY `fk_tv_maquina` (`maquina_id`);

--
-- Indices de la tabla `usuarios`
--
ALTER TABLE `usuarios`
  ADD PRIMARY KEY (`id`),
  ADD UNIQUE KEY `uk_usuario_correo` (`correo`),
  ADD KEY `fk_user_rol` (`rol_id`),
  ADD KEY `fk_user_depto` (`departamento_id`),
  ADD KEY `fk_user_empresa` (`empresa_id`);

--
-- Indices de la tabla `velocidad`
--
ALTER TABLE `velocidad`
  ADD PRIMARY KEY (`id`),
  ADD KEY `fk_vel_trabajo` (`trabajo_id`),
  ADD KEY `fk_vel_maquina` (`maquina_id`),
  ADD KEY `fk_vel_turno` (`turno_id`);

--
-- AUTO_INCREMENT de las tablas volcadas
--

--
-- AUTO_INCREMENT de la tabla `clientes`
--
ALTER TABLE `clientes`
  MODIFY `id` int(11) NOT NULL AUTO_INCREMENT, AUTO_INCREMENT=45;

--
-- AUTO_INCREMENT de la tabla `departamentos`
--
ALTER TABLE `departamentos`
  MODIFY `id` int(11) NOT NULL AUTO_INCREMENT, AUTO_INCREMENT=9;

--
-- AUTO_INCREMENT de la tabla `desperdicios`
--
ALTER TABLE `desperdicios`
  MODIFY `id` int(11) NOT NULL AUTO_INCREMENT, AUTO_INCREMENT=1444;

--
-- AUTO_INCREMENT de la tabla `destinos`
--
ALTER TABLE `destinos`
  MODIFY `id` int(11) NOT NULL AUTO_INCREMENT, AUTO_INCREMENT=4;

--
-- AUTO_INCREMENT de la tabla `empresas`
--
ALTER TABLE `empresas`
  MODIFY `id` int(11) NOT NULL AUTO_INCREMENT, AUTO_INCREMENT=3;

--
-- AUTO_INCREMENT de la tabla `estados_trabajo`
--
ALTER TABLE `estados_trabajo`
  MODIFY `id` int(11) NOT NULL AUTO_INCREMENT, AUTO_INCREMENT=11;

--
-- AUTO_INCREMENT de la tabla `informacion_diaria`
--
ALTER TABLE `informacion_diaria`
  MODIFY `id` int(11) NOT NULL AUTO_INCREMENT, AUTO_INCREMENT=21;

--
-- AUTO_INCREMENT de la tabla `logs_actividad`
--
ALTER TABLE `logs_actividad`
  MODIFY `id` int(11) NOT NULL AUTO_INCREMENT, AUTO_INCREMENT=90;

--
-- AUTO_INCREMENT de la tabla `maquinas`
--
ALTER TABLE `maquinas`
  MODIFY `id` int(11) NOT NULL AUTO_INCREMENT, AUTO_INCREMENT=3;

--
-- AUTO_INCREMENT de la tabla `metas_parada`
--
ALTER TABLE `metas_parada`
  MODIFY `id` int(11) NOT NULL AUTO_INCREMENT, AUTO_INCREMENT=184;

--
-- AUTO_INCREMENT de la tabla `motivos_parada`
--
ALTER TABLE `motivos_parada`
  MODIFY `id` int(11) NOT NULL AUTO_INCREMENT, AUTO_INCREMENT=19;

--
-- AUTO_INCREMENT de la tabla `paradas_trabajo`
--
ALTER TABLE `paradas_trabajo`
  MODIFY `id` int(11) NOT NULL AUTO_INCREMENT, AUTO_INCREMENT=8861;

--
-- AUTO_INCREMENT de la tabla `produccion_informativa`
--
ALTER TABLE `produccion_informativa`
  MODIFY `id` int(11) NOT NULL AUTO_INCREMENT, AUTO_INCREMENT=12;

--
-- AUTO_INCREMENT de la tabla `productos`
--
ALTER TABLE `productos`
  MODIFY `id` int(11) NOT NULL AUTO_INCREMENT, AUTO_INCREMENT=132;

--
-- AUTO_INCREMENT de la tabla `resumen_excel`
--
ALTER TABLE `resumen_excel`
  MODIFY `id` int(11) NOT NULL AUTO_INCREMENT, AUTO_INCREMENT=22;

--
-- AUTO_INCREMENT de la tabla `roles`
--
ALTER TABLE `roles`
  MODIFY `id` int(11) NOT NULL AUTO_INCREMENT, AUTO_INCREMENT=5;

--
-- AUTO_INCREMENT de la tabla `totales_paradas`
--
ALTER TABLE `totales_paradas`
  MODIFY `id` int(11) NOT NULL AUTO_INCREMENT, AUTO_INCREMENT=122;

--
-- AUTO_INCREMENT de la tabla `trabajos`
--
ALTER TABLE `trabajos`
  MODIFY `id` int(11) NOT NULL AUTO_INCREMENT, AUTO_INCREMENT=570;

--
-- AUTO_INCREMENT de la tabla `turnos`
--
ALTER TABLE `turnos`
  MODIFY `id` int(11) NOT NULL AUTO_INCREMENT, AUTO_INCREMENT=4;

--
-- AUTO_INCREMENT de la tabla `tvs`
--
ALTER TABLE `tvs`
  MODIFY `id` int(11) NOT NULL AUTO_INCREMENT, AUTO_INCREMENT=58;

--
-- AUTO_INCREMENT de la tabla `usuarios`
--
ALTER TABLE `usuarios`
  MODIFY `id` int(11) NOT NULL AUTO_INCREMENT, AUTO_INCREMENT=18;

--
-- AUTO_INCREMENT de la tabla `velocidad`
--
ALTER TABLE `velocidad`
  MODIFY `id` int(11) NOT NULL AUTO_INCREMENT, AUTO_INCREMENT=1875;

--
-- Restricciones para tablas volcadas
--

--
-- Filtros para la tabla `clientes`
--
ALTER TABLE `clientes`
  ADD CONSTRAINT `fk_cliente_empresa` FOREIGN KEY (`empresa_id`) REFERENCES `empresas` (`id`);

--
-- Filtros para la tabla `desperdicios`
--
ALTER TABLE `desperdicios`
  ADD CONSTRAINT `fk_desp_maquina` FOREIGN KEY (`maquina_id`) REFERENCES `maquinas` (`id`),
  ADD CONSTRAINT `fk_desp_trabajo` FOREIGN KEY (`trabajo_id`) REFERENCES `trabajos` (`id`) ON DELETE SET NULL;

--
-- Filtros para la tabla `informacion_diaria`
--
ALTER TABLE `informacion_diaria`
  ADD CONSTRAINT `fk_info_empresa` FOREIGN KEY (`empresa_id`) REFERENCES `empresas` (`id`);

--
-- Filtros para la tabla `maquinas`
--
ALTER TABLE `maquinas`
  ADD CONSTRAINT `fk_maquina_empresa` FOREIGN KEY (`empresa_id`) REFERENCES `empresas` (`id`);

--
-- Filtros para la tabla `paradas_trabajo`
--
ALTER TABLE `paradas_trabajo`
  ADD CONSTRAINT `fk_pt_motivo` FOREIGN KEY (`motivo_id`) REFERENCES `motivos_parada` (`id`),
  ADD CONSTRAINT `fk_pt_trabajo` FOREIGN KEY (`trabajo_id`) REFERENCES `trabajos` (`id`);

--
-- Filtros para la tabla `produccion_informativa`
--
ALTER TABLE `produccion_informativa`
  ADD CONSTRAINT `fk_prod_info_empresa` FOREIGN KEY (`empresa_id`) REFERENCES `empresas` (`id`) ON DELETE CASCADE,
  ADD CONSTRAINT `fk_prod_info_maquina` FOREIGN KEY (`maquina_id`) REFERENCES `maquinas` (`id`) ON DELETE CASCADE;

--
-- Filtros para la tabla `productos`
--
ALTER TABLE `productos`
  ADD CONSTRAINT `fk_producto_cliente` FOREIGN KEY (`cliente_id`) REFERENCES `clientes` (`id`);

--
-- Filtros para la tabla `trabajos`
--
ALTER TABLE `trabajos`
  ADD CONSTRAINT `fk_trab_cliente` FOREIGN KEY (`cliente_id`) REFERENCES `clientes` (`id`),
  ADD CONSTRAINT `fk_trab_destino` FOREIGN KEY (`destino_id`) REFERENCES `destinos` (`id`),
  ADD CONSTRAINT `fk_trab_estado` FOREIGN KEY (`estado_id`) REFERENCES `estados_trabajo` (`id`),
  ADD CONSTRAINT `fk_trab_maquina` FOREIGN KEY (`maquina_id`) REFERENCES `maquinas` (`id`),
  ADD CONSTRAINT `fk_trab_producto` FOREIGN KEY (`producto_id`) REFERENCES `productos` (`id`);

--
-- Filtros para la tabla `tvs`
--
ALTER TABLE `tvs`
  ADD CONSTRAINT `fk_tv_depto` FOREIGN KEY (`departamento_id`) REFERENCES `departamentos` (`id`),
  ADD CONSTRAINT `fk_tv_empresa` FOREIGN KEY (`empresa_id`) REFERENCES `empresas` (`id`),
  ADD CONSTRAINT `fk_tv_maquina` FOREIGN KEY (`maquina_id`) REFERENCES `maquinas` (`id`);

--
-- Filtros para la tabla `usuarios`
--
ALTER TABLE `usuarios`
  ADD CONSTRAINT `fk_user_depto` FOREIGN KEY (`departamento_id`) REFERENCES `departamentos` (`id`),
  ADD CONSTRAINT `fk_user_empresa` FOREIGN KEY (`empresa_id`) REFERENCES `empresas` (`id`),
  ADD CONSTRAINT `fk_user_rol` FOREIGN KEY (`rol_id`) REFERENCES `roles` (`id`);

--
-- Filtros para la tabla `velocidad`
--
ALTER TABLE `velocidad`
  ADD CONSTRAINT `fk_vel_maquina` FOREIGN KEY (`maquina_id`) REFERENCES `maquinas` (`id`),
  ADD CONSTRAINT `fk_vel_trabajo` FOREIGN KEY (`trabajo_id`) REFERENCES `trabajos` (`id`),
  ADD CONSTRAINT `fk_vel_turno` FOREIGN KEY (`turno_id`) REFERENCES `turnos` (`id`);
COMMIT;

/*!40101 SET CHARACTER_SET_CLIENT=@OLD_CHARACTER_SET_CLIENT */;
/*!40101 SET CHARACTER_SET_RESULTS=@OLD_CHARACTER_SET_RESULTS */;
/*!40101 SET COLLATION_CONNECTION=@OLD_COLLATION_CONNECTION */;
